file_type,variant,n,roc_auc,pr_auc,tpr@0.01,tpr@0.001,ch_det@0.01(test-thr),ch_det@0.01(val-thr),test_tpr@0.01(val-thr),test_fpr@0.01(val-thr),ch_det@0.001(test-thr),ch_det@0.001(val-thr),test_tpr@0.001(val-thr),test_fpr@0.001(val-thr),n_test_mal_known_fam,n_test_mal_novel_fam,n_test_mal_nofam,tpr@0.01_known_fam,tpr@0.01_novel_fam,tpr@0.01_nofam,ch_det@0.01_known_fam,ch_det@0.01_novel_fam,ch_det@0.01_nofam,tpr@0.01_lowconsensus_q1,tpr@0.01_highconsensus,wk52_tpr@0.01,wk53_tpr@0.01,wk54_tpr@0.01,wk55_tpr@0.01,wk56_tpr@0.01,wk57_tpr@0.01,wk58_tpr@0.01,wk59_tpr@0.01,wk60_tpr@0.01,wk61_tpr@0.01,wk62_tpr@0.01,wk63_tpr@0.01,best_iter,train_sec,infer_us
APK,base,48000,0.9842493420138889,0.9853701253583631,0.8054583333333334,0.5317916666666667,0.32421875,0.3046875,0.7884166666666667,0.008458333333333333,0.12109375,0.1015625,0.47841666666666666,0.000625,17877,91,6032,0.8110421211612686,0.6373626373626373,0.7904509283819628,0.30412371134020616,0.0,0.43636363636363634,0.7327355670913953,0.8313212038768917,0.823,0.8095,0.8035,0.816,0.804,0.792,0.836,0.8105,0.758,0.783,0.8305,0.7965,499.0,323.922315120697,6.655101974805196
APK,cw,48000,0.9836849045138888,0.9847104977808397,0.7935833333333333,0.4847916666666667,0.3046875,0.2890625,0.7730833333333333,0.008625,0.078125,0.07421875,0.45479166666666665,0.0007083333333333334,17877,91,6032,0.7926385858924876,0.5824175824175825,0.7987400530503979,0.27835051546391754,0.0,0.43636363636363634,0.7388705364165487,0.8130136598084226,0.819,0.786,0.7895,0.7985,0.786,0.791,0.799,0.7995,0.762,0.784,0.8165,0.7895,500.0,211.7114486694336,7.322276631991068
APK,cwfb,48000,0.9837441527777777,0.9848262170803983,0.7927916666666667,0.5198333333333334,0.3359375,0.33203125,0.78025,0.009125,0.12109375,0.109375,0.4959166666666667,0.0009583333333333333,17877,91,6032,0.7905129496000447,0.6703296703296703,0.7989058355437666,0.31958762886597936,0.0,0.43636363636363634,0.7316344187509831,0.8139772147593947,0.8225,0.8135,0.7815,0.815,0.7985,0.7795,0.766,0.806,0.758,0.7725,0.807,0.786,500.0,188.61227703094482,6.908337275187174
APK,cwinv,48000,0.9845796006944445,0.985823243186968,0.8117083333333334,0.5430833333333334,0.32421875,0.3125,0.7951666666666667,0.008333333333333333,0.109375,0.05859375,0.46020833333333333,0.00025,17877,91,6032,0.8185937237791576,0.6483516483516484,0.792606100795756,0.31443298969072164,0.0,0.4,0.7330501809029416,0.83965312021765,0.8275,0.8275,0.802,0.823,0.8105,0.7985,0.846,0.82,0.7595,0.792,0.835,0.7955,500.0,194.71012139320374,6.5753161907196045
APK,ens2_gt_lgbm,48000,0.9841156605902778,0.9856099396262996,0.8112916666666666,0.5859166666666666,0.34765625,0.3359375,0.7934583333333334,0.008291666666666666,0.12890625,0.12890625,0.5864166666666667,0.0010833333333333333,17877,91,6032,0.820383733288583,0.6813186813186813,0.7858090185676393,0.31958762886597936,0.2857142857142857,0.45454545454545453,0.7319490325625295,0.8397097999206484,0.828,0.822,0.792,0.816,0.805,0.7995,0.849,0.821,0.769,0.8,0.83,0.8025,0.0,885.0328190326691,14.54556981722514
APK,ens3_deep,48000,0.9806906024305556,0.9824048340222031,0.7747916666666667,0.5419583333333333,0.359375,0.33984375,0.76175,0.008791666666666666,0.1640625,0.13671875,0.5180416666666666,0.0007916666666666666,17877,91,6032,0.7825697824019691,0.6373626373626373,0.7521551724137931,0.32989690721649484,0.2857142857142857,0.4727272727272727,0.7059933931099576,0.7990137731678286,0.795,0.782,0.764,0.7175,0.772,0.7645,0.826,0.789,0.727,0.779,0.808,0.7685,0.0,1551.3053588867188,29.75184222062429
APK,ens3_full_deep,48000,0.9757271163194445,0.9764707575499763,0.7169583333333334,0.3275,0.265625,0.25,0.6939583333333333,0.008541666666666666,0.10546875,0.09765625,0.291375,0.0009166666666666666,17877,91,6032,0.7234435307937573,0.6043956043956044,0.6977785145888594,0.2268041237113402,0.2857142857142857,0.4,0.6498348277489382,0.7405769993765232,0.7565,0.715,0.7025,0.689,0.713,0.709,0.746,0.731,0.676,0.7165,0.7355,0.7085,0.0,2216.2470378875732,28.519084056218464
APK,ens4_deep_lgbm,48000,0.9840967578125002,0.9854831713250886,0.8055,0.5900416666666667,0.375,0.36328125,0.7946666666666666,0.008708333333333334,0.1796875,0.16015625,0.572125,0.000875,17877,91,6032,0.8132796330480506,0.6593406593406593,0.78315649867374,0.35051546391752575,0.2857142857142857,0.4727272727272727,0.7332074878087148,0.8310378053618999,0.8215,0.813,0.7885,0.796,0.8005,0.7895,0.8495,0.8165,0.7575,0.8005,0.8295,0.799,0.0,1875.2276740074158,36.40694419542948
APK,ens_gttuned_lgbm,48000,0.9854845980902778,0.9867806692366825,0.8239166666666666,0.6114166666666667,0.36328125,0.33984375,0.8077083333333334,0.008083333333333333,0.18359375,0.16796875,0.5713333333333334,0.00075,17877,91,6032,0.8330816132460703,0.6373626373626373,0.7995689655172413,0.3402061855670103,0.14285714285714285,0.4727272727272727,0.7508258612553091,0.8502522246783427,0.838,0.8285,0.8115,0.8195,0.822,0.812,0.8705,0.8315,0.7775,0.811,0.85,0.815,0.0,1646.771996974945,27.278835574785866
APK,ens_mlp_lgbm,48000,0.9846113350694445,0.9858888205822333,0.8099166666666666,0.5695833333333333,0.3515625,0.3515625,0.79775,0.008875,0.14453125,0.125,0.5237083333333333,0.0004166666666666667,17877,91,6032,0.8159646473121889,0.7252747252747253,0.7927718832891246,0.31958762886597936,0.2857142857142857,0.4727272727272727,0.7377693880761366,0.8357422207107634,0.821,0.822,0.793,0.806,0.81,0.7955,0.8555,0.8195,0.7585,0.798,0.8355,0.803,0.0,784.8159053325653,15.731895963350933
APK,fb,48000,0.9841945625,0.985367726773004,0.808125,0.5417083333333333,0.328125,0.30078125,0.7700833333333333,0.006958333333333334,0.1171875,0.1640625,0.5834583333333333,0.0015833333333333333,17877,91,6032,0.8089724226659954,0.6593406593406593,0.8071949602122016,0.30927835051546393,0.0,0.43636363636363634,0.7336794085260343,0.834721986056793,0.8315,0.841,0.793,0.826,0.817,0.793,0.7975,0.814,0.764,0.8005,0.822,0.796,500.0,201.59215259552002,8.121872941652933
APK,gtformer_full,48000,0.9678320616319445,0.9685496789998531,0.6187083333333333,0.255375,0.2109375,0.21875,0.6299166666666667,0.010333333333333333,0.1171875,0.12890625,0.27025,0.0010833333333333333,17877,91,6032,0.6151479554735134,0.45054945054945056,0.6150530503978779,0.18041237113402062,0.2857142857142857,0.3090909090909091,0.5516753185464842,0.637136541404523,0.6735,0.5705,0.607,0.583,0.6,0.612,0.6415,0.648,0.5715,0.598,0.652,0.617,0.0,1014.6814393997192,17.017588019371033
APK,gtformer_full_knn,48000,0.9681843324652779,0.9689978062392731,0.6337916666666666,0.2926666666666667,0.21875,0.23046875,0.6431666666666667,0.010458333333333333,0.12890625,0.12109375,0.25795833333333335,0.0007916666666666666,17877,91,6032,0.6362924428036024,0.46153846153846156,0.6274867374005305,0.19072164948453607,0.2857142857142857,0.3090909090909091,0.5670913953122542,0.6573145156719379,0.6895,0.591,0.625,0.5975,0.6245,0.627,0.659,0.672,0.589,0.6195,0.6735,0.6335,0.0,10.139894008636475,0.0
APK,gtformer_no_aux,48000,0.9694032508680556,0.9666453481537431,0.6085416666666666,0.07416666666666667,0.21875,0.203125,0.5912083333333333,0.00925,0.05859375,0.05078125,0.029791666666666668,0.0004583333333333333,17877,91,6032,0.6115679364546625,0.4835164835164835,0.6014588859416445,0.20618556701030927,0.0,0.2909090909090909,0.5512033978291647,0.6292013829847531,0.6725,0.5865,0.6165,0.54,0.6055,0.5835,0.6325,0.6325,0.5745,0.6045,0.645,0.609,0.0,574.1571848392487,7.865071296691895
APK,gtformer_no_cam,48000,0.9718943819444446,0.9724945421520916,0.68,0.2549166666666667,0.23828125,0.2265625,0.6563333333333333,0.008333333333333333,0.11328125,0.109375,0.203,0.00075,17877,91,6032,0.6890977233316552,0.4725274725274725,0.6561671087533156,0.22164948453608246,0.14285714285714285,0.3090909090909091,0.6009123800534844,0.7084962874794536,0.737,0.6705,0.6745,0.634,0.6855,0.6715,0.6895,0.703,0.6485,0.665,0.705,0.676,0.0,588.8942556381226,8.320872982343037
APK,gtformer_no_grl,48000,0.975204337673611,0.9765593761567504,0.7010833333333333,0.3617916666666667,0.28515625,0.27734375,0.691625,0.00925,0.09375,0.078125,0.2624166666666667,0.0005416666666666666,17877,91,6032,0.7062146892655368,0.5494505494505495,0.6881631299734748,0.26288659793814434,0.14285714285714285,0.38181818181818183,0.633317602642756,0.7255001983789605,0.742,0.6925,0.7015,0.6265,0.681,0.694,0.7415,0.735,0.6685,0.7055,0.7285,0.6965,0.0,567.5777087211609,8.025601506233215
APK,gtformer_plain,48000,0.9747157534722222,0.9772364237769489,0.7337916666666666,0.4472083333333333,0.30078125,0.28515625,0.718125,0.008625,0.09375,0.109375,0.503125,0.001875,17877,91,6032,0.743637075571964,0.6043956043956044,0.7022546419098143,0.27319587628865977,0.2857142857142857,0.4,0.6465313827277017,0.763758997902851,0.766,0.742,0.7245,0.653,0.726,0.725,0.7885,0.7595,0.698,0.735,0.748,0.727,0.0,561.110503911972,7.890467842419943
APK,gtformer_plain_s1,48000,0.9750713151041667,0.9771241037738425,0.7277083333333333,0.3556666666666667,0.3125,0.30078125,0.7148333333333333,0.009,0.01953125,0.0546875,0.40775,0.0012916666666666667,17877,91,6032,0.7356379705767186,0.5824175824175825,0.702420424403183,0.30412371134020616,0.0,0.38181818181818183,0.6517225106182162,0.7537266904721419,0.7585,0.734,0.727,0.6505,0.721,0.7155,0.798,0.7485,0.6795,0.7245,0.754,0.7095,0.0,1027.4262244701385,9.937400619188944
APK,gtformer_plain_s2,48000,0.9753911675347222,0.9778437543485945,0.742125,0.484,0.296875,0.2578125,0.7107083333333334,0.007416666666666667,0.1171875,0.08984375,0.395875,0.0005833333333333334,17877,91,6032,0.7516361805672093,0.5714285714285714,0.7165119363395226,0.27319587628865977,0.2857142857142857,0.38181818181818183,0.6526663520528552,0.7743581023635436,0.7765,0.755,0.7375,0.681,0.7445,0.735,0.807,0.7695,0.6865,0.7335,0.763,0.7165,0.0,982.664413690567,20.418763160705566
APK,gtformer_plain_s3,48000,0.9751829149305558,0.9778172089008554,0.7466666666666667,0.4997083333333333,0.3203125,0.30078125,0.7137083333333333,0.008208333333333333,0.1328125,0.0546875,0.3552916666666667,0.000375,17877,91,6032,0.7533143144822957,0.4945054945054945,0.7307692307692307,0.29896907216494845,0.2857142857142857,0.4,0.6702847254994494,0.7741880632545486,0.781,0.7355,0.744,0.6695,0.738,0.731,0.815,0.772,0.7085,0.7495,0.7755,0.7405,0.0,572.9746675491333,8.101562658945719
APK,gtformer_plain_s4,48000,0.9754504262152778,0.9777728201146325,0.7407916666666666,0.4182916666666667,0.31640625,0.296875,0.718375,0.008625,0.10546875,0.1015625,0.372,0.0006666666666666666,17877,91,6032,0.7473849079823237,0.5274725274725275,0.7201591511936339,0.29896907216494845,0.2857142857142857,0.38181818181818183,0.6717004876514079,0.7642124355268378,0.771,0.7545,0.733,0.6835,0.734,0.724,0.794,0.754,0.7005,0.7315,0.7655,0.731,0.0,557.6866936683655,7.653057575225829
APK,gtformer_tuned,48000,0.9774016493055556,0.9794853199783395,0.7499166666666667,0.4711666666666667,0.3203125,0.296875,0.7290833333333333,0.0085,0.16015625,0.16015625,0.4736666666666667,0.0010416666666666667,17877,91,6032,0.7598030989539631,0.5384615384615384,0.7204907161803713,0.29381443298969073,0.2857142857142857,0.41818181818181815,0.6724870221802737,0.7766819701864762,0.777,0.7605,0.7425,0.6665,0.745,0.7435,0.813,0.767,0.712,0.7525,0.7705,0.739,0.0,1322.849681854248,20.62373359998067
APK,gtformer_tuned_s1,48000,0.9766202439236112,0.9786295330324335,0.7512916666666667,0.39058333333333334,0.32421875,0.2734375,0.721375,0.008,0.0859375,0.0859375,0.3795,0.000875,17877,91,6032,0.7610337304916932,0.5494505494505495,0.7254641909814323,0.31958762886597936,0.2857142857142857,0.34545454545454546,0.6688689633474909,0.7809896276143513,0.7955,0.746,0.747,0.68,0.749,0.745,0.815,0.774,0.707,0.745,0.7725,0.7395,0.0,1295.2842152118683,18.259361386299133
APK,gtformer_tuned_s2,48000,0.9759137022569445,0.9778664919850889,0.7349583333333334,0.387375,0.33984375,0.3203125,0.7169166666666666,0.009125,0.06640625,0.1171875,0.4825833333333333,0.0019166666666666666,17877,91,6032,0.7417911282653689,0.5494505494505495,0.7140251989389921,0.31443298969072164,0.42857142857142855,0.41818181818181815,0.667925121912852,0.7579209884940203,0.7835,0.745,0.7245,0.634,0.7275,0.729,0.8015,0.749,0.686,0.733,0.767,0.729,0.0,1290.113174200058,19.02774969736735
APK,gtformer_tuned_s3,48000,0.9764876015625001,0.9786459001971568,0.744,0.41029166666666667,0.30859375,0.30859375,0.7446666666666667,0.010083333333333333,0.078125,0.0859375,0.41891666666666666,0.0010833333333333333,17877,91,6032,0.7519718073502265,0.5934065934065934,0.7180039787798409,0.29381443298969073,0.0,0.4,0.6707566462167689,0.7688034914697047,0.773,0.738,0.747,0.682,0.7265,0.7295,0.81,0.764,0.7035,0.751,0.7625,0.727,0.0,1320.0923268795013,21.017526586850487
APK,gtformer_tuned_s4,48000,0.9755931241319442,0.9780249055734971,0.7414583333333333,0.38625,0.3125,0.3203125,0.7445833333333334,0.010166666666666666,0.109375,0.109375,0.39175,0.0010416666666666667,17877,91,6032,0.7445880181238462,0.5824175824175825,0.7269562334217506,0.28865979381443296,0.42857142857142855,0.38181818181818183,0.6753185464841907,0.7626820835458822,0.776,0.752,0.729,0.679,0.746,0.734,0.7785,0.771,0.695,0.738,0.75,0.726,0.0,1331.107019662857,19.722655415534973
APK,mlp_full,48000,0.9688547447916667,0.9688080966594474,0.6418333333333334,0.17270833333333332,0.23828125,0.21875,0.6088333333333333,0.008416666666666666,0.08984375,0.078125,0.14741666666666667,0.0008333333333333334,17877,91,6032,0.6400402752139621,0.46153846153846156,0.649867374005305,0.20618556701030927,0.0,0.38181818181818183,0.6037439043574013,0.6555574448789888,0.7095,0.6215,0.6445,0.5765,0.6185,0.626,0.6595,0.6765,0.609,0.6445,0.6665,0.6495,0.0,161.88439178466797,2.6583621899286904
APK,mlp_mlp_plain,48000,0.9771411840277776,0.9790168760387481,0.7407083333333333,0.48941666666666667,0.33203125,0.32421875,0.7294583333333333,0.008958333333333334,0.109375,0.10546875,0.42983333333333335,0.0006666666666666666,17877,91,6032,0.7478324103596801,0.6373626373626373,0.7211538461538461,0.29896907216494845,0.2857142857142857,0.45454545454545453,0.6676105081013056,0.7670464206767557,0.766,0.742,0.737,0.665,0.7365,0.7285,0.807,0.7595,0.6945,0.7445,0.7695,0.7385,0.0,460.8935902118683,9.076793988545736
APK,mlp_mlp_plain_s1,48000,0.9765775711805555,0.9788380508891109,0.7344583333333333,0.5352916666666667,0.30859375,0.30078125,0.7249166666666667,0.009041666666666667,0.140625,0.1171875,0.49925,0.0008333333333333334,17877,91,6032,0.7406723723219779,0.5714285714285714,0.718501326259947,0.27319587628865977,0.2857142857142857,0.43636363636363634,0.6613182318703791,0.7608116533469365,0.771,0.746,0.734,0.652,0.73,0.73,0.7835,0.7575,0.6895,0.734,0.7555,0.7305,0.0,511.20509815216064,22.80860145886739
APK,mlp_mlp_plain_s2,48000,0.9769902604166667,0.9792141541101377,0.7355833333333334,0.5283333333333333,0.3125,0.30078125,0.723125,0.008916666666666666,0.13671875,0.109375,0.4890833333333333,0.0006666666666666666,17877,91,6032,0.7427420708172512,0.6263736263736264,0.7160145888594165,0.28350515463917525,0.2857142857142857,0.41818181818181815,0.6584867075664622,0.7633622399818625,0.7745,0.749,0.735,0.6765,0.7395,0.7275,0.796,0.7515,0.686,0.723,0.744,0.7245,0.0,528.6524934768677,21.114066243171692
APK,mlp_mlp_plain_s3,48000,0.9764617612847223,0.9787192210104427,0.7287083333333333,0.509,0.30859375,0.31640625,0.7374166666666667,0.010625,0.140625,0.12890625,0.481375,0.0008333333333333334,17877,91,6032,0.7373161044918051,0.6043956043956044,0.7050729442970822,0.26804123711340205,0.2857142857142857,0.45454545454545453,0.6572282523202768,0.7544635266111206,0.7635,0.733,0.727,0.656,0.7225,0.713,0.788,0.7505,0.6825,0.733,0.751,0.7245,0.0,126.1702344417572,2.784619728724162
APK,mlp_mlp_plain_s4,48000,0.9766593550347221,0.9792160365221547,0.75625,0.5325416666666667,0.328125,0.30859375,0.73575,0.008583333333333333,0.14453125,0.1171875,0.48075,0.0006666666666666666,17877,91,6032,0.7650053140907311,0.5934065934065934,0.7327586206896551,0.29381443298969073,0.2857142857142857,0.45454545454545453,0.6852288815479,0.7818398231593267,0.789,0.7645,0.752,0.7015,0.7495,0.7425,0.8105,0.7795,0.7095,0.757,0.774,0.7455,0.0,136.3716275691986,3.7241727113723755
APK,moe_full,48000,0.9736138411458333,0.9738308832995447,0.6740833333333334,0.17154166666666668,0.26953125,0.26953125,0.663625,0.009,0.05859375,0.06640625,0.22108333333333333,0.0012083333333333334,17877,91,6032,0.6783576662751021,0.5714285714285714,0.6629641909814323,0.2422680412371134,0.2857142857142857,0.36363636363636365,0.6186880604058518,0.6940429632148728,0.7435,0.684,0.6735,0.584,0.6725,0.662,0.726,0.694,0.632,0.6735,0.6865,0.6575,0.0,645.0721576213837,8.368139465649922
APK,moe_plain,48000,0.9771377170138887,0.9790608151235436,0.7445,0.48183333333333334,0.34765625,0.34765625,0.74825,0.010541666666666666,0.171875,0.1484375,0.4472083333333333,0.0008333333333333334,17877,91,6032,0.7483358505342059,0.6263736263736264,0.7306034482758621,0.3247422680412371,0.2857142857142857,0.43636363636363634,0.6834985055843952,0.7650059513688148,0.787,0.7475,0.75,0.654,0.7305,0.731,0.805,0.755,0.704,0.7425,0.779,0.7355,0.0,529.3012647628784,12.78458038965861
APK,moe_plain_s1,48000,0.9768740755208332,0.9790064226343465,0.7395833333333334,0.45816666666666667,0.296875,0.2734375,0.7105,0.007458333333333333,0.10546875,0.08984375,0.39970833333333333,0.0005416666666666666,17877,91,6032,0.7457067740672372,0.5164835164835165,0.7248010610079576,0.26288659793814434,0.2857142857142857,0.41818181818181815,0.6853861884536732,0.7591112622569858,0.789,0.747,0.7365,0.6385,0.7195,0.7345,0.7995,0.76,0.696,0.7505,0.771,0.733,0.0,539.6790323257446,19.128575921058655
APK,moe_plain_s2,48000,0.9768961909722222,0.9788535277175484,0.7349583333333334,0.4524166666666667,0.30859375,0.30078125,0.7259583333333334,0.009125,0.09765625,0.09765625,0.44283333333333336,0.001,17877,91,6032,0.7413995636851821,0.5494505494505495,0.7150198938992043,0.27835051546391754,0.14285714285714285,0.43636363636363634,0.6803523674689319,0.7533866122541518,0.7875,0.7435,0.7385,0.6275,0.7175,0.734,0.798,0.753,0.6985,0.7355,0.7545,0.7205,0.0,426.64967942237854,4.7174592812856035
APK,moe_plain_s3,48000,0.9773236848958332,0.9791125139157079,0.7349166666666667,0.43433333333333335,0.3203125,0.31640625,0.728375,0.009166666666666667,0.09765625,0.12109375,0.47858333333333336,0.0014583333333333334,17877,91,6032,0.7381551714493483,0.5604395604395604,0.7279509283819628,0.28350515463917525,0.14285714285714285,0.4727272727272727,0.6811389019977977,0.7542934875021254,0.783,0.741,0.74,0.6605,0.715,0.7155,0.794,0.7525,0.688,0.739,0.7635,0.727,0.0,187.87224197387695,3.0995955069859824
APK,moe_plain_s4,48000,0.9759079149305555,0.9785847920073018,0.75475,0.479875,0.33203125,0.28125,0.7120416666666667,0.006833333333333334,0.09375,0.02734375,0.38145833333333334,0.0004583333333333333,17877,91,6032,0.7600827879398109,0.5934065934065934,0.7413793103448276,0.30412371134020616,0.2857142857142857,0.43636363636363634,0.6940380682711971,0.7766252904834778,0.79,0.7685,0.7575,0.684,0.755,0.753,0.8085,0.7695,0.717,0.7435,0.7775,0.733,0.0,246.8626410961151,3.659278154373169
APK,proto_full,48000,0.9705357925347222,0.9713644625196909,0.6767083333333334,0.245,0.26171875,0.22265625,0.6526666666666666,0.00825,0.1015625,0.0859375,0.19745833333333335,0.0008333333333333334,17877,91,6032,0.6844548861665828,0.5274725274725275,0.656001326259947,0.23195876288659795,0.2857142857142857,0.36363636363636365,0.6026427560169891,0.7033951142096015,0.7135,0.677,0.665,0.6535,0.666,0.6485,0.7145,0.6985,0.6325,0.6685,0.7035,0.6795,0.0,556.4934408664703,3.1333565711975098
APK,proto_no_con,48000,0.9682516770833334,0.9684363057238976,0.6537916666666667,0.20595833333333333,0.23046875,0.19921875,0.6259583333333333,0.008,0.1015625,0.0234375,0.059875,0.00016666666666666666,17877,91,6032,0.6564300497846395,0.5274725274725275,0.646054376657825,0.20103092783505155,0.14285714285714285,0.34545454545454546,0.5788894132452415,0.6801564359802754,0.7055,0.6525,0.6405,0.627,0.643,0.6185,0.667,0.6935,0.607,0.645,0.68,0.6605,0.0,760.1645202636719,15.530442198117575
APK,proto_plain,48000,0.9769583975694445,0.9790451461571552,0.7412916666666667,0.5035416666666667,0.30859375,0.30078125,0.7319583333333334,0.009416666666666667,0.1484375,0.11328125,0.42866666666666664,0.0005,17877,91,6032,0.7476645969681714,0.6153846153846154,0.7241379310344828,0.27319587628865977,0.2857142857142857,0.43636363636363634,0.6748466257668712,0.7651759904778099,0.773,0.753,0.7415,0.696,0.737,0.736,0.78,0.762,0.6945,0.7335,0.759,0.7295,0.0,650.8101258277893,19.659221172332764
Dot_Net,base,59953,0.9979518100579798,0.9980315595679592,0.957,0.8440666666666666,0.7925211097708083,0.8130277442702051,0.9633,0.011651587487063065,0.6429433051869723,0.6634499396863691,0.872,0.001669281874937402,24967,218,4815,0.9678375455601393,0.8623853211009175,0.9046728971962616,0.43373493975903615,0.1,0.8943338437978561,0.8842942345924454,0.9813404586951681,0.9648,0.9584,0.9616,0.954,0.9612,0.9556,0.9604,0.9544,0.96,0.956,0.9504,0.9464,487.0,269.26349234580994,7.795599159791871
Dot_Net,cw,59953,0.9978467476824804,0.9979084692281923,0.9573666666666667,0.8040333333333334,0.7997587454764777,0.8190591073582629,0.9638666666666666,0.012052215137048041,0.6164053075995175,0.6453558504221955,0.8418666666666667,0.0016025105999399058,24967,218,4815,0.9669563824248008,0.8669724770642202,0.9115264797507788,0.4457831325301205,0.1,0.900459418070444,0.8870775347912525,0.9809396570919617,0.9628,0.9596,0.9596,0.9556,0.9632,0.9568,0.9596,0.954,0.9576,0.9552,0.9504,0.9536,498.0,266.72126483917236,9.650617632605746
Dot_Net,cwfb,59953,0.9977799163133354,0.9978595277032103,0.9528,0.8105666666666667,0.7744270205066345,0.8106151990349819,0.9646,0.01328748372450172,0.6200241254523522,0.6550060313630881,0.8461666666666666,0.0016025105999399058,24967,218,4815,0.9642728401489967,0.8715596330275229,0.8959501557632399,0.4036144578313253,0.2,0.877488514548239,0.8783300198807157,0.9775996437319082,0.9604,0.95,0.9568,0.9524,0.9596,0.9524,0.9588,0.9484,0.9504,0.952,0.946,0.9444,481.0,273.42320919036865,9.430579629498837
Dot_Net,cwinv,59953,0.9979933351139006,0.9980685735978914,0.9548333333333333,0.8386333333333333,0.7949336550060314,0.8142340168878166,0.9615,0.01141788802457183,0.6067551266586249,0.6537997587454765,0.8697,0.0015691249624411579,24967,218,4815,0.966716065206072,0.8532110091743119,0.8978193146417446,0.4457831325301205,0.1,0.8943338437978561,0.8784625579854208,0.9804943219772879,0.962,0.9556,0.9548,0.956,0.9608,0.9552,0.9576,0.9532,0.954,0.9528,0.9508,0.9452,500.0,290.9826934337616,9.555966812776942
Dot_Net,ens2_gt_lgbm,59953,0.9977116972145249,0.9977448070341253,0.9541333333333334,0.8024333333333333,0.7985524728588661,0.8154402895054282,0.9593666666666667,0.011651587487063065,0.6224366706875754,0.6779252110977081,0.8791333333333333,0.002403765899909859,24967,218,4815,0.9653142147634878,0.8623853211009175,0.8992731048805815,0.4578313253012048,0.1,0.8958652373660031,0.87740225314778,0.979692718770875,0.956,0.954,0.9584,0.9476,0.958,0.9544,0.9612,0.9504,0.9532,0.9532,0.9536,0.9476,0.0,830.373996257782,15.703136106926339
Dot_Net,ens3_deep,59953,0.9969398151548537,0.9969514198742371,0.9331,0.757,0.7925211097708083,0.8009650180940893,0.9409666666666666,0.01158481621206557,0.6224366706875754,0.6332931242460796,0.7948,0.0018695956999298902,24967,218,4815,0.9500941242440021,0.8577981651376146,0.8481827622014538,0.4397590361445783,0.2,0.891271056661562,0.8274353876739563,0.9685593409040303,0.9336,0.9308,0.9364,0.9392,0.938,0.9408,0.9444,0.9304,0.9332,0.9264,0.9292,0.9144,0.0,1551.3053588867188,27.736456199771855
Dot_Net,ens3_full_deep,59953,0.9955324986923959,0.9944046695932895,0.9178333333333333,0.3133,0.7599517490952955,0.7852834740651388,0.9384,0.01295362734951424,0.6103739445114595,0.6537997587454765,0.5844666666666667,0.0018028244249323941,24967,218,4815,0.9345135578964233,0.8256880733944955,0.8311526479750779,0.3795180722891566,0.2,0.8652373660030628,0.8088800530152419,0.9535070140280562,0.9196,0.8892,0.9232,0.9292,0.9208,0.9268,0.9272,0.9204,0.9224,0.908,0.9104,0.9084,0.0,2216.2470378875732,26.954430693763094
Dot_Net,ens4_deep_lgbm,59953,0.9975055420158249,0.9975359429464988,0.9444666666666667,0.7844333333333333,0.7937273823884198,0.8118214716525934,0.9554666666666667,0.012152372049544287,0.6212303980699638,0.6429433051869723,0.8335666666666667,0.001969752612426134,24967,218,4815,0.9575039051548043,0.8669724770642202,0.8797507788161993,0.4578313253012048,0.2,0.888208269525268,0.8563286944996686,0.9739478957915831,0.9456,0.9456,0.9468,0.9472,0.9496,0.9516,0.9492,0.9392,0.9436,0.9424,0.942,0.9296,0.0,1820.5688512325287,35.53205535956373
Dot_Net,ens_gttuned_lgbm,59953,0.9978360025150513,0.9978671184749374,0.9529333333333333,0.8085,0.8082026537997588,0.8359469240048251,0.9623,0.012753313524521751,0.6332931242460796,0.661037394451146,0.86,0.0020031382499248822,24967,218,4815,0.9643128930187848,0.8853211009174312,0.8955347871235722,0.5180722891566265,0.0,0.8943338437978561,0.8743538767395627,0.9790247160988644,0.9544,0.9544,0.958,0.9504,0.9564,0.956,0.9536,0.9496,0.956,0.954,0.9452,0.9444,0.0,1592.113174200058,28.406094544771335
Dot_Net,ens_mlp_lgbm,59953,0.9976600935910704,0.9977241352391955,0.9455666666666667,0.8154666666666667,0.7828709288299156,0.8118214716525934,0.9610333333333333,0.013754882649484192,0.6212303980699638,0.6308805790108565,0.8337333333333333,0.0011684973124561813,24967,218,4815,0.9588657027276004,0.8577981651376146,0.8803738317757009,0.41566265060240964,0.2,0.885145482388974,0.8597746852220013,0.9743486973947896,0.946,0.9488,0.9468,0.9484,0.9524,0.9504,0.9508,0.9432,0.9468,0.9432,0.9364,0.9332,0.0,730.1570825576782,16.074716431415386
Dot_Net,fb,59953,0.9978938225442081,0.9979639440415339,0.9553666666666667,0.8278,0.7768395657418576,0.8178528347406514,0.9658666666666667,0.01292024171201549,0.6188178528347407,0.6405307599517491,0.8561666666666666,0.001635896237438654,24967,218,4815,0.9666760123362839,0.8669724770642202,0.9005192107995846,0.41566265060240964,0.1,0.8790199081163859,0.8817760106030483,0.9800489868626141,0.9628,0.9588,0.96,0.9532,0.96,0.9532,0.9588,0.954,0.9556,0.9544,0.9476,0.9456,498.0,271.5414674282074,9.353597545962598
Dot_Net,gtformer_full,59953,0.9958146907933543,0.9955466148141305,0.9111666666666667,0.6188333333333333,0.7237635705669482,0.7394451145958987,0.9248,0.012519614062030514,0.5452352231604343,0.6284680337756333,0.7549333333333333,0.0020365238874236304,24967,218,4815,0.9293467376937558,0.8440366972477065,0.8199376947040499,0.25301204819277107,0.2,0.8514548238897397,0.7920477137176939,0.9511912714317524,0.8988,0.8768,0.916,0.9204,0.9232,0.922,0.924,0.908,0.9152,0.9124,0.912,0.9052,0.0,1014.6814393997192,16.03650376271512
Dot_Net,gtformer_no_aux,59953,0.9948270418099467,0.9932254932760239,0.9004666666666666,0.33376666666666666,0.729794933655006,0.7828709288299156,0.9353666666666667,0.014589523586952893,0.6212303980699638,0.6513872135102533,0.6219666666666667,0.0023703802624111107,24967,218,4815,0.921095846517403,0.8027522935779816,0.7979231568016615,0.30120481927710846,0.1,0.8483920367534457,0.7783962889330682,0.9414829659318638,0.8852,0.8768,0.9096,0.912,0.8936,0.9156,0.92,0.8952,0.9132,0.896,0.9028,0.8856,0.0,574.1571848392487,7.865741219375099
Dot_Net,gtformer_no_cam,59953,0.9962625546689814,0.9960080932877498,0.9232,0.7027666666666667,0.7503015681544029,0.773220747889023,0.9396333333333333,0.013354254999499215,0.40530759951749096,0.4704463208685163,0.7309,0.0012352685874536774,24967,218,4815,0.9430448191612929,0.8577981651376146,0.8195223260643821,0.37349397590361444,0.0,0.8575803981623277,0.7985420808482439,0.9642841238031619,0.9184,0.92,0.926,0.9292,0.924,0.9264,0.932,0.9168,0.9272,0.9148,0.9236,0.9128,0.0,588.8942556381226,8.22660418075173
Dot_Net,gtformer_no_grl,59953,0.9965033736186693,0.9965656161420428,0.9295333333333333,0.7512,0.7792521109770808,0.7961399276236429,0.9375666666666667,0.011451273662070577,0.5983112183353438,0.6525934861278649,0.7993666666666667,0.0024705371749073547,24967,218,4815,0.9462490487443426,0.8165137614678899,0.84797507788162,0.43373493975903615,0.3,0.8744257274119449,0.8249171636845594,0.9646849254063683,0.932,0.9284,0.9344,0.9328,0.9288,0.9348,0.9424,0.9268,0.9284,0.9264,0.9276,0.9116,0.0,567.5777087211609,7.722160367733614
Dot_Net,gtformer_plain,59953,0.9963122942610089,0.9961779620305139,0.9306666666666666,0.6998333333333333,0.7828709288299156,0.7961399276236429,0.9395666666666667,0.011785130037058058,0.617611580217129,0.638118214716526,0.7592,0.0016025105999399058,24967,218,4815,0.9482917451035366,0.8348623853211009,0.8388369678089305,0.42771084337349397,0.0,0.885145482388974,0.8188204108681246,0.967223335560009,0.9328,0.932,0.936,0.9304,0.9288,0.9352,0.94,0.9252,0.93,0.9272,0.9272,0.914,0.0,561.110503911972,7.907536947134468
Dot_Net,gtformer_plain_s1,59953,0.9965962958635196,0.996590556187538,0.9252,0.7152333333333334,0.7744270205066345,0.8057901085645356,0.9461666666666667,0.013187326812005476,0.6248492159227985,0.6248492159227985,0.7091666666666666,0.000868026574967449,24967,218,4815,0.9439660351664196,0.8440366972477065,0.8315680166147456,0.45180722891566266,0.1,0.8667687595712098,0.8119284294234592,0.9632598530394122,0.9272,0.9112,0.9336,0.928,0.9272,0.9352,0.9344,0.924,0.9332,0.9204,0.9196,0.9084,0.0,1027.4262244701385,14.041559078964882
Dot_Net,gtformer_plain_s2,59953,0.9963508479951924,0.9963570065155285,0.9287666666666666,0.7276666666666667,0.7828709288299156,0.7985524728588661,0.9378333333333333,0.011484659299569325,0.6429433051869723,0.6369119420989143,0.7040333333333333,0.0007010983874737088,24967,218,4815,0.947090159009893,0.8302752293577982,0.8350986500519211,0.4578313253012048,0.3,0.8728943338437979,0.8166998011928429,0.9657537296815853,0.928,0.9324,0.9344,0.93,0.924,0.9352,0.9304,0.928,0.9284,0.9196,0.9292,0.9196,0.0,982.664413690567,16.972588877991047
Dot_Net,gtformer_plain_s3,59953,0.9968190459497658,0.99683715172963,0.9366666666666666,0.7636333333333334,0.781664656212304,0.7876960193003619,0.9391333333333334,0.01054986144960438,0.6200241254523522,0.5922798552472859,0.7286666666666667,0.0007344840249724568,24967,218,4815,0.95205671486362,0.8486238532110092,0.8581516095534787,0.4397590361445783,0.0,0.8805513016845329,0.8372432074221339,0.9694945446448452,0.9384,0.934,0.944,0.9296,0.9324,0.9448,0.9408,0.9364,0.9392,0.9328,0.9324,0.93,0.0,572.9746675491333,8.258326780212858
Dot_Net,gtformer_plain_s4,59953,0.9965449548737467,0.9964271825139025,0.9267333333333333,0.7223333333333334,0.7599517490952955,0.8009650180940893,0.9494666666666667,0.01482322304944413,0.6224366706875754,0.6344993968636912,0.7729333333333334,0.0016025105999399058,24967,218,4815,0.9456482556975208,0.8256880733944955,0.8303219106957425,0.3855421686746988,0.2,0.8637059724349158,0.8121935056328694,0.9645958583834335,0.922,0.9184,0.9292,0.9284,0.9292,0.9368,0.9444,0.9276,0.9308,0.9188,0.9192,0.9104,0.0,557.6866936683655,7.79507820447917
Dot_Net,gtformer_tuned,59953,0.9966066014533882,0.9964265187755736,0.9262,0.7206,0.7937273823884198,0.8250904704463209,0.9445666666666667,0.01292024171201549,0.6067551266586249,0.6586248492159228,0.7758,0.0014355824124461657,24967,218,4815,0.9456082028277326,0.8623853211009175,0.8284527518172378,0.4759036144578313,0.0,0.886676875957121,0.8106030483764082,0.9650411934981074,0.928,0.9232,0.9328,0.9312,0.922,0.9336,0.9288,0.9264,0.9308,0.9264,0.92,0.9112,0.0,1322.849681854248,20.610495384979465
Dot_Net,gtformer_tuned_s1,59953,0.9964671056877998,0.9964785828742219,0.9327666666666666,0.6888333333333333,0.8178528347406514,0.8347406513872135,0.9487666666666666,0.012886856074516742,0.6031363088057901,0.6550060313630881,0.7594333333333333,0.0014355824124461657,24967,218,4815,0.9504546000720951,0.8348623853211009,0.8454828660436137,0.5602409638554217,0.1,0.8943338437978561,0.8262425447316103,0.9685593409040303,0.9328,0.9264,0.9356,0.9348,0.9284,0.9412,0.9412,0.9312,0.9384,0.9296,0.9308,0.9228,0.0,1295.2842152118683,19.02314057042437
Dot_Net,gtformer_tuned_s2,59953,0.996525842152706,0.9965004859922888,0.9296666666666666,0.7115,0.7997587454764777,0.8057901085645356,0.9389,0.011718358762060562,0.6477683956574186,0.6525934861278649,0.7325,0.0012018829499549294,24967,218,4815,0.9478511635358673,0.8486238532110092,0.8390446521287642,0.4879518072289157,0.0,0.891271056661562,0.8214711729622266,0.9660209307503896,0.9224,0.9288,0.9352,0.9328,0.9324,0.9372,0.9332,0.9316,0.9352,0.922,0.928,0.9172,0.0,1290.113174200058,18.89880325128789
Dot_Net,gtformer_tuned_s3,59953,0.9962662760547079,0.9962377685017969,0.9297333333333333,0.7147666666666667,0.7997587454764777,0.8106151990349819,0.9403666666666667,0.012185757687043034,0.6284680337756333,0.6598311218335344,0.804,0.0021032951624211263,24967,218,4815,0.9492129611086635,0.8211009174311926,0.8336448598130841,0.4939759036144578,0.2,0.886676875957121,0.8163021868787277,0.9678468047205522,0.93,0.9316,0.9356,0.9336,0.9288,0.9388,0.9372,0.9284,0.9232,0.9264,0.9248,0.9184,0.0,1320.0923268795013,20.100595459831393
Dot_Net,gtformer_tuned_s4,59953,0.9965692696335371,0.9965339970732885,0.9285333333333333,0.748,0.7876960193003619,0.8106151990349819,0.9464333333333333,0.013320869362000467,0.6332931242460796,0.638118214716526,0.7614666666666666,0.0011017260374586854,24967,218,4815,0.9473304762286218,0.8532110091743119,0.8344755970924195,0.4397590361445783,0.1,0.886676875957121,0.8169648774022531,0.9660209307503896,0.928,0.928,0.936,0.9332,0.924,0.9312,0.9388,0.9336,0.93,0.9244,0.9236,0.9116,0.0,1331.107019662857,19.1584974862898
Dot_Net,mlp_full,59953,0.9905204570493773,0.9842609630705765,0.7390333333333333,0.06413333333333333,0.7539203860072377,0.7780458383594693,0.8071666666666667,0.012152372049544287,0.5392038600723763,0.6308805790108565,0.10883333333333334,0.001736053149934898,24967,218,4815,0.7355309007890415,0.6880733944954128,0.7595015576323988,0.3614457831325301,0.3,0.8606431852986217,0.7481776010603048,0.7359608105099087,0.798,0.7224,0.7344,0.7476,0.7372,0.7328,0.7652,0.742,0.7492,0.7148,0.7148,0.71,0.0,161.88439178466797,2.6972719804321166
Dot_Net,mlp_mlp_plain,59953,0.9961937140408862,0.9962240437185279,0.9143666666666667,0.7124,0.7696019300361882,0.7973462002412546,0.9337,0.012987012987012988,0.5838359469240049,0.5983112183353438,0.7382333333333333,0.0014021967749474175,24967,218,4815,0.9360355669483719,0.8348623853211009,0.805607476635514,0.39759036144578314,0.2,0.8728943338437979,0.7866136514247847,0.9572923625027834,0.9116,0.908,0.9232,0.9252,0.914,0.9224,0.9264,0.9168,0.9188,0.9072,0.9064,0.8924,0.0,460.8935902118683,8.279117271623514
Dot_Net,mlp_mlp_plain_s1,59953,0.9961899008446568,0.9961736483841749,0.9208333333333333,0.7034333333333334,0.7659831121833535,0.7997587454764777,0.9351666666666667,0.012185757687043034,0.5898673100120627,0.6007237635705669,0.7234333333333334,0.0012686542249524255,24967,218,4815,0.9405214883646413,0.8165137614678899,0.817030114226376,0.4036144578313253,0.2,0.8667687595712098,0.7978793903247183,0.9607659763972389,0.916,0.9148,0.9252,0.9288,0.9252,0.9296,0.9304,0.92,0.9232,0.9104,0.9096,0.9044,0.0,511.20509815216064,18.982386753290402
Dot_Net,mlp_mlp_plain_s2,59953,0.9961629769972958,0.9962304587646847,0.9221333333333334,0.7054666666666667,0.7744270205066345,0.7973462002412546,0.9352333333333334,0.012686542249524254,0.6031363088057901,0.6212303980699638,0.7466,0.0014021967749474175,24967,218,4815,0.9414026514999799,0.8073394495412844,0.8274143302180685,0.3855421686746988,0.2,0.8820826952526799,0.8086149768058317,0.9602761077710977,0.9236,0.9164,0.928,0.9316,0.9228,0.9332,0.9288,0.9236,0.9264,0.9116,0.9112,0.9084,0.0,528.6524934768677,14.483921721093225
Dot_Net,mlp_mlp_plain_s3,59953,0.9961670060873145,0.9961283793039445,0.9139333333333334,0.7055,0.773220747889023,0.8021712907117008,0.9361666666666667,0.01258638533702801,0.5826296743063932,0.6127864897466827,0.7311,0.0014355824124461657,24967,218,4815,0.9354748267713382,0.8073394495412844,0.807061266874351,0.42168674698795183,0.2,0.8713629402756509,0.7888667992047713,0.9559563571587619,0.9116,0.9092,0.924,0.9204,0.9108,0.9212,0.9244,0.914,0.9196,0.9044,0.9064,0.9012,0.0,126.1702344417572,2.792320476072142
Dot_Net,mlp_mlp_plain_s4,59953,0.9960934085623031,0.9961008668913556,0.9202333333333333,0.6938333333333333,0.7720144752714113,0.8009650180940893,0.9354333333333333,0.012452842787033019,0.5971049457177322,0.6188178528347407,0.751,0.001635896237438654,24967,218,4815,0.9391997436616334,0.8027522935779816,0.8236760124610591,0.4036144578313253,0.2,0.8744257274119449,0.8027833001988072,0.9589401024270764,0.9204,0.9096,0.9236,0.9276,0.9224,0.9248,0.9312,0.9272,0.9252,0.91,0.9104,0.9036,0.0,136.3716275691986,2.7783063804847004
Dot_Net,moe_full,59953,0.9931244794622688,0.9899693286270732,0.8794333333333333,0.1386,0.7539203860072377,0.773220747889023,0.9156666666666666,0.011952058224551797,0.04945717732207479,0.5367913148371531,0.19653333333333334,0.001669281874937402,24967,218,4815,0.896142908639404,0.7706422018348624,0.7867082035306334,0.3614457831325301,0.2,0.8621745788667687,0.789662027833002,0.9072366956134491,0.8816,0.8548,0.8872,0.8784,0.8816,0.8848,0.8904,0.8832,0.8904,0.8688,0.8536,0.8772,0.0,645.0721576213837,7.6535692438141485
Dot_Net,moe_plain,59953,0.996072072357805,0.9960335484258012,0.9178333333333333,0.6718333333333333,0.7720144752714113,0.7840772014475271,0.9323333333333333,0.012686542249524254,0.5560916767189384,0.5910735826296744,0.7204,0.0012352685874536774,24967,218,4815,0.9385989506148116,0.8348623853211009,0.8139148494288682,0.39156626506024095,0.1,0.8790199081163859,0.794963552021206,0.9591182364729459,0.9188,0.914,0.9248,0.9224,0.916,0.93,0.9252,0.9216,0.9212,0.9072,0.9084,0.9044,0.0,529.3012647628784,11.549801981013871
Dot_Net,moe_plain_s1,59953,0.9959937585550697,0.9960663629756658,0.9133666666666667,0.7178,0.7756332931242461,0.8178528347406514,0.9402666666666667,0.013387640636997964,0.45958986731001206,0.45958986731001206,0.7136333333333333,0.0009014122124661971,24967,218,4815,0.9356750911202788,0.8486238532110092,0.8006230529595015,0.42771084337349397,0.2,0.8728943338437979,0.784493041749503,0.95666889334224,0.9072,0.9056,0.9212,0.9148,0.9164,0.9264,0.9244,0.9132,0.916,0.908,0.908,0.8992,0.0,539.6790323257446,17.82189317774224
Dot_Net,moe_plain_s2,59953,0.9959592021945493,0.9959719545006084,0.9186666666666666,0.6611666666666667,0.781664656212304,0.7949336550060314,0.9342,0.012552999699529263,0.6127864897466827,0.6260554885404102,0.7003333333333334,0.0012018829499549294,24967,218,4815,0.9395602194897265,0.8165137614678899,0.8149532710280374,0.42168674698795183,0.2,0.8820826952526799,0.7961563949635521,0.9598307726564239,0.9176,0.9108,0.9212,0.9248,0.918,0.93,0.9224,0.9272,0.9228,0.9088,0.9144,0.906,0.0,426.64967942237854,5.259998303653698
Dot_Net,moe_plain_s3,59953,0.9958725731423674,0.9957779343128075,0.9145333333333333,0.6338333333333334,0.7768395657418576,0.7985524728588661,0.9339,0.012386071512035522,0.5681544028950543,0.5898673100120627,0.6570666666666667,0.0012352685874536774,24967,218,4815,0.9349140865943045,0.8302752293577982,0.8085150571131879,0.4036144578313253,0.2,0.8805513016845329,0.7860834990059642,0.9568024938766422,0.9048,0.9108,0.926,0.9252,0.9116,0.9244,0.9224,0.9144,0.914,0.906,0.9056,0.9012,0.0,187.87224197387695,3.0140287175861813
Dot_Net,moe_plain_s4,59953,0.9961387095338253,0.9961906699561863,0.9216,0.7044666666666667,0.781664656212304,0.8190591073582629,0.9449333333333333,0.014055353386972924,0.5645355850422196,0.6369119420989143,0.7614666666666666,0.0016025105999399058,24967,218,4815,0.9426042375936236,0.8211009174311926,0.8172377985462098,0.40963855421686746,0.3,0.8836140888208269,0.8035785288270377,0.9612558450233801,0.9224,0.92,0.9284,0.9296,0.9232,0.9264,0.9316,0.9236,0.9268,0.9148,0.9112,0.9012,0.0,246.8626410961151,3.478879926839094
Dot_Net,proto_full,59953,0.992955863074372,0.9895089425640488,0.8852333333333333,0.14023333333333332,0.7575392038600723,0.7768395657418576,0.9242,0.012619770974526759,0.6127864897466827,0.6658624849215923,0.40353333333333335,0.00323840683737856,24967,218,4815,0.8999879841390636,0.7981651376146789,0.8012461059190031,0.3855421686746988,0.0,0.8637059724349158,0.7852882703777336,0.9163660654642618,0.8748,0.8568,0.8832,0.9016,0.884,0.8984,0.8984,0.8636,0.8948,0.8732,0.8856,0.8864,0.0,556.4934408664703,3.2643576872338245
Dot_Net,proto_no_con,59953,0.993944264903905,0.9910852502946317,0.8971,0.16016666666666668,0.7418576598311218,0.773220747889023,0.9314,0.014155510299469168,0.6164053075995175,0.6562123039806996,0.5348,0.002804393549894835,24967,218,4815,0.9152481275283374,0.8165137614678899,0.8008307372793354,0.3192771084337349,0.2,0.8575803981623277,0.7730947647448642,0.937519483411267,0.892,0.8816,0.9064,0.9144,0.8952,0.9088,0.898,0.8936,0.904,0.8832,0.8896,0.8872,0.0,760.1645202636719,13.676707429201702
Dot_Net,proto_plain,59953,0.9964255555926507,0.9964376462079575,0.9285333333333333,0.7349666666666667,0.7768395657418576,0.7961399276236429,0.9405,0.01241945714953427,0.548854041013269,0.5645355850422196,0.7486666666666667,0.0011351116749574333,24967,218,4815,0.9460087315256138,0.8486238532110092,0.8388369678089305,0.41566265060240964,0.0,0.8805513016845329,0.8153744201457919,0.9659763972389223,0.9356,0.9304,0.9332,0.9328,0.9336,0.9332,0.9388,0.9244,0.9256,0.9224,0.9148,0.9124,0.0,650.8101258277893,15.722602337885624
ELF,base,5989,0.9844797591167617,0.9874011778000111,0.8843333333333333,0.57,0.18652849740932642,0.39896373056994816,0.9313333333333333,0.018066242890598862,0.0025906735751295338,0.16580310880829016,0.8336666666666667,0.008698561391769822,2835,28,137,0.9065255731922398,0.2857142857142857,0.24087591240875914,0.24427480916030533,0.0,0.16326530612244897,0.6364749082007344,0.9578561612459917,0.872,0.952,0.916,0.872,0.952,0.864,0.824,0.78,0.78,0.852,0.888,0.892,198.0,43.65790796279907,5.36794116290429
ELF,cw,5989,0.986615925058548,0.9883843913622125,0.8893333333333333,0.5486666666666666,0.20466321243523317,0.37823834196891193,0.9333333333333333,0.017731682837069253,0.0051813471502590676,0.05699481865284974,0.7573333333333333,0.007360321177651389,2835,28,137,0.9047619047619048,0.25,0.25547445255474455,0.26717557251908397,0.0,0.17959183673469387,0.6389228886168911,0.9551076500229042,0.876,0.956,0.912,0.864,0.924,0.888,0.824,0.78,0.776,0.832,0.916,0.88,302.0,53.40900897979736,5.864802456236499
ELF,cwfb,5989,0.9865543660086986,0.9859935055127944,0.861,0.3353333333333333,0.18911917098445596,0.36528497409326427,0.931,0.01906992305118769,0.0,0.038860103626943004,0.6493333333333333,0.007360321177651389,2835,28,137,0.8289241622574955,0.21428571428571427,0.22627737226277372,0.24427480916030533,0.0,0.1673469387755102,0.5299877600979193,0.8950984883188273,0.772,0.9,0.824,0.832,0.852,0.752,0.744,0.656,0.736,0.812,0.832,0.836,447.0,69.36888813972473,7.628837199457142
ELF,cwinv,5989,0.9860569867291179,0.9885637394866322,0.8866666666666667,0.678,0.19430051813471502,0.40414507772020725,0.935,0.02074272331883573,0.02072538860103627,0.05181347150259067,0.7786666666666666,0.006356641017062563,2835,28,137,0.9079365079365079,0.14285714285714285,0.25547445255474455,0.26717557251908397,0.0,0.16326530612244897,0.631578947368421,0.9606046724690792,0.876,0.952,0.928,0.876,0.944,0.872,0.82,0.772,0.78,0.844,0.888,0.9,161.0,34.665072202682495,4.924583721686373
ELF,ens2_gt_lgbm,5989,0.9870973569755772,0.9886450238755531,0.8783333333333333,0.4806666666666667,0.19170984455958548,0.45595854922279794,0.941,0.02542656406825025,0.0,0.046632124352331605,0.7103333333333334,0.0036801605888256944,2835,28,137,0.9153439153439153,0.2857142857142857,0.20437956204379562,0.3282442748091603,0.2,0.11836734693877551,0.6364749082007344,0.9670178653229501,0.864,0.956,0.924,0.896,0.964,0.864,0.82,0.768,0.788,0.844,0.9,0.936,0.0,604.7684118747711,12.489367574378711
ELF,ens3_deep,5989,0.9882958626073381,0.989270106410302,0.8553333333333333,0.41233333333333333,0.21243523316062177,0.4378238341968912,0.9273333333333333,0.02576112412177986,0.0,0.11917098445595854,0.7756666666666666,0.00468384074941452,2835,28,137,0.8867724867724868,0.2857142857142857,0.24087591240875914,0.2900763358778626,0.2,0.17142857142857143,0.6083231334149327,0.9427393495190105,0.796,0.94,0.888,0.904,0.928,0.816,0.816,0.74,0.772,0.84,0.86,0.92,0.0,1551.3053588867188,24.879291233146184
ELF,ens3_full_deep,5989,0.9807124456339913,0.9753402719168587,0.4703333333333333,0.075,0.29015544041450775,0.5569948186528497,0.912,0.0274339243894279,0.09585492227979274,0.2538860103626943,0.37266666666666665,0.00702576112412178,2835,28,137,0.47724867724867726,0.32142857142857145,0.24087591240875914,0.3893129770992366,0.1,0.24489795918367346,0.3929008567931457,0.49198350893266146,0.372,0.444,0.488,0.484,0.548,0.428,0.512,0.416,0.52,0.56,0.42,0.388,0.0,2216.2470378875732,30.035207458282077
ELF,ens4_deep_lgbm,5989,0.9886759785881566,0.9900754750405495,0.878,0.5603333333333333,0.19170984455958548,0.4378238341968912,0.9326666666666666,0.023753763800602207,0.0025906735751295338,0.13730569948186527,0.8463333333333334,0.007694881231180997,2835,28,137,0.9061728395061729,0.2857142857142857,0.24087591240875914,0.25190839694656486,0.2,0.15918367346938775,0.627906976744186,0.9606046724690792,0.856,0.964,0.904,0.908,0.96,0.824,0.82,0.752,0.796,0.844,0.884,0.928,0.0,1594.9632668495178,30.247232396050475
ELF,ens_gttuned_lgbm,5989,0.9859273447083752,0.9860319660700946,0.8443333333333334,0.253,0.19430051813471502,0.4430051813471503,0.9436666666666667,0.024757443961191034,0.0,0.20466321243523317,0.855,0.010371361659417865,2835,28,137,0.8493827160493828,0.25,0.16058394160583941,0.32061068702290074,0.1,0.1306122448979592,0.5446756425948592,0.9125057260650481,0.804,0.916,0.864,0.9,0.904,0.772,0.784,0.688,0.696,0.764,0.812,0.844,0.0,1366.5075898170471,25.89248062314683
ELF,ens_mlp_lgbm,5989,0.988041987286718,0.989901823003804,0.8736666666666667,0.7066666666666667,0.19430051813471502,0.4740932642487047,0.9393333333333334,0.026430244228839078,0.031088082901554404,0.25129533678756477,0.897,0.011040481766477083,2835,28,137,0.9111111111111111,0.25,0.22627737226277372,0.3053435114503817,0.1,0.13877551020408163,0.6328029375764994,0.9638112688960147,0.864,0.968,0.92,0.892,0.944,0.86,0.82,0.772,0.784,0.848,0.892,0.92,0.0,504.55149817466736,10.897906639874927
ELF,fb,5989,0.9852666443626631,0.9866138167887075,0.8566666666666667,0.47333333333333333,0.21243523316062177,0.36787564766839376,0.934,0.017731682837069253,0.007772020725388601,0.12176165803108809,0.7463333333333333,0.008364001338240215,2835,28,137,0.8740740740740741,0.32142857142857145,0.24087591240875914,0.29770992366412213,0.0,0.17551020408163265,0.5887392900856793,0.9340357306459002,0.844,0.92,0.872,0.86,0.892,0.844,0.788,0.724,0.756,0.832,0.868,0.88,476.0,66.40151953697205,9.649005710909455
ELF,gtformer_full,5989,0.9808521244563397,0.9778119642245688,0.5923333333333334,0.04533333333333334,0.2616580310880829,0.41968911917098445,0.895,0.024088323854131816,0.03626943005181347,0.11398963730569948,0.31633333333333336,0.0016728002676480427,2835,28,137,0.6130511463844798,0.2857142857142857,0.22627737226277372,0.29770992366412213,0.0,0.2530612244897959,0.35006119951040393,0.6830050389372423,0.588,0.64,0.624,0.624,0.712,0.552,0.588,0.496,0.456,0.64,0.628,0.56,0.0,1014.6814393997192,21.400426182131433
ELF,gtformer_full_knn,5989,0.9824812088769934,0.9785754313678243,0.7526666666666667,0.035333333333333335,0.22279792746113988,0.44041450777202074,0.9116666666666666,0.026430244228839078,0.03367875647668394,0.17616580310880828,0.7216666666666667,0.008698561391769822,2835,28,137,0.7837742504409171,0.2857142857142857,0.145985401459854,0.31297709923664124,0.0,0.1836734693877551,0.4700122399020808,0.8547869903802107,0.748,0.876,0.784,0.808,0.848,0.7,0.708,0.596,0.64,0.724,0.776,0.792,0.0,2.6260578632354736,0.0
ELF,gtformer_no_aux,5989,0.9768355079736812,0.9615776192864318,0.24333333333333335,0.012666666666666666,0.13989637305699482,0.4481865284974093,0.7596666666666667,0.02107728337236534,0.007772020725388601,0.06735751295336788,0.08366666666666667,0.00234192037470726,2835,28,137,0.24268077601410934,0.03571428571428571,0.10218978102189781,0.06870229007633588,0.0,0.1836734693877551,0.18237454100367198,0.25377920293174533,0.232,0.216,0.292,0.236,0.344,0.172,0.18,0.168,0.212,0.264,0.268,0.228,0.0,574.1571848392487,7.490260630104574
ELF,gtformer_no_cam,5989,0.9871225604996097,0.9880897219587701,0.808,0.417,0.33419689119170987,0.4430051813471503,0.8683333333333333,0.018066242890598862,0.031088082901554404,0.12694300518134716,0.586,0.0016728002676480427,2835,28,137,0.8359788359788359,0.32142857142857145,0.24817518248175183,0.40458015267175573,0.2,0.3020408163265306,0.5030599755201959,0.9170865781035272,0.824,0.916,0.864,0.876,0.896,0.728,0.72,0.684,0.688,0.752,0.86,0.844,0.0,588.8942556381226,7.608454779604079
ELF,gtformer_no_grl,5989,0.9815549236087876,0.9818302022848363,0.7153333333333334,0.276,0.23316062176165803,0.42487046632124353,0.9113333333333333,0.026430244228839078,0.007772020725388601,0.12176165803108809,0.524,0.0036801605888256944,2835,28,137,0.7432098765432099,0.14285714285714285,0.25547445255474455,0.3511450381679389,0.1,0.17551020408163265,0.49571603427172584,0.7975263398992213,0.636,0.78,0.72,0.768,0.748,0.676,0.7,0.624,0.676,0.776,0.72,0.76,0.0,567.5777087211609,6.907490621844802
ELF,gtformer_plain,5989,0.984103156016505,0.9825740255979102,0.7733333333333333,0.06433333333333334,0.14248704663212436,0.4481865284974093,0.9273333333333333,0.026430244228839078,0.0,0.015544041450777202,0.22933333333333333,0.0016728002676480427,2835,28,137,0.8070546737213404,0.2857142857142857,0.17518248175182483,0.19083969465648856,0.2,0.11428571428571428,0.5361077111383109,0.8621163536417774,0.692,0.832,0.828,0.82,0.876,0.74,0.756,0.66,0.692,0.764,0.78,0.84,0.0,561.110503911972,7.121426411474422
ELF,gtformer_plain_s1,5989,0.9760686963309916,0.9600055410217021,0.25433333333333336,0.006,0.023316062176165803,0.4844559585492228,0.9303333333333333,0.03011040481766477,0.0,0.24093264248704663,0.8383333333333334,0.01672800267648043,2835,28,137,0.16472663139329807,0.0,0.029197080291970802,0.022900763358778626,0.1,0.02040816326530612,0.1175030599755202,0.1717819514429684,0.128,0.156,0.22,0.196,0.192,0.14,0.116,0.096,0.132,0.192,0.16,0.156,0.0,1027.4262244701385,11.752415706566367
ELF,gtformer_plain_s2,5989,0.9849432920709267,0.985102330531481,0.7743333333333333,0.37133333333333335,0.22797927461139897,0.38860103626943004,0.9233333333333333,0.027099364335898293,0.07512953367875648,0.07512953367875648,0.248,0.00033456005352960856,2835,28,137,0.8045855379188712,0.25,0.25547445255474455,0.33587786259541985,0.1,0.17551020408163265,0.4638922888616891,0.8905176362803482,0.76,0.868,0.864,0.82,0.884,0.68,0.688,0.656,0.632,0.764,0.832,0.844,0.0,982.664413690567,26.297581217726478
ELF,gtformer_plain_s3,5989,0.9852246013159361,0.9847516149360119,0.7773333333333333,0.17966666666666667,0.16580310880829016,0.3626943005181347,0.9023333333333333,0.021411843425894948,0.0025906735751295338,0.025906735751295335,0.3313333333333333,0.0010036801605888257,2835,28,137,0.8035273368606702,0.2857142857142857,0.16058394160583941,0.26717557251908397,0.1,0.11428571428571428,0.5104039167686658,0.8662391204764086,0.684,0.856,0.816,0.808,0.856,0.756,0.768,0.652,0.688,0.776,0.748,0.824,0.0,572.9746675491333,8.62594358629248
ELF,gtformer_plain_s4,5989,0.9748571986171518,0.9774211474087141,0.6833333333333333,0.09333333333333334,0.20725388601036268,0.35751295336787564,0.9163333333333333,0.024757443961191034,0.054404145077720206,0.09844559585492228,0.4216666666666667,0.0026764804282368685,2835,28,137,0.71005291005291,0.35714285714285715,0.19708029197080293,0.3435114503816794,0.2,0.1346938775510204,0.3843329253365973,0.7952359138799817,0.684,0.704,0.724,0.748,0.804,0.648,0.608,0.58,0.58,0.692,0.656,0.772,0.0,557.6866936683655,6.877116039134083
ELF,gtformer_tuned,5989,0.9816174863387979,0.9756733938885357,0.44533333333333336,0.043,0.17098445595854922,0.38341968911917096,0.9316666666666666,0.022415523586483774,0.038860103626943004,0.17098445595854922,0.44533333333333336,0.00936768149882904,2835,28,137,0.46102292768959435,0.25,0.16058394160583941,0.2748091603053435,0.1,0.11836734693877551,0.3243574051407589,0.4906092533211177,0.436,0.496,0.484,0.508,0.512,0.448,0.408,0.336,0.392,0.412,0.448,0.464,0.0,1322.849681854248,20.52453946024254
ELF,gtformer_tuned_s1,5989,0.9828938887030222,0.9769031474930899,0.5386666666666666,0.0,0.11658031088082901,0.39896373056994816,0.9133333333333333,0.021411843425894948,0.0025906735751295338,0.11658031088082901,0.5386666666666666,0.00936768149882904,2835,28,137,0.5615520282186949,0.2857142857142857,0.11678832116788321,0.19083969465648856,0.1,0.07755102040816327,0.3561811505507956,0.6069628950984883,0.532,0.608,0.576,0.544,0.64,0.556,0.492,0.456,0.452,0.516,0.48,0.612,0.0,1295.2842152118683,16.935123667173183
ELF,gtformer_tuned_s2,5989,0.983403869744619,0.9817658933788788,0.733,0.147,0.23056994818652848,0.49222797927461137,0.931,0.02576112412177986,0.08290155440414508,0.15803108808290156,0.4756666666666667,0.005352960856473737,2835,28,137,0.672663139329806,0.35714285714285715,0.23357664233576642,0.3511450381679389,0.0,0.17551020408163265,0.4039167686658507,0.7416399450297756,0.648,0.784,0.68,0.696,0.676,0.592,0.612,0.556,0.572,0.652,0.676,0.652,0.0,1290.113174200058,16.623057672586917
ELF,gtformer_tuned_s3,5989,0.9870064124010258,0.9870339138654753,0.841,0.357,0.24870466321243523,0.4948186528497409,0.9296666666666666,0.02810304449648712,0.05699481865284974,0.19170984455958548,0.6983333333333334,0.0036801605888256944,2835,28,137,0.8761904761904762,0.25,0.23357664233576642,0.37404580152671757,0.2,0.1836734693877551,0.627906976744186,0.9207512597343106,0.776,0.92,0.86,0.884,0.94,0.824,0.824,0.74,0.76,0.84,0.868,0.856,0.0,1320.0923268795013,17.383059190975285
ELF,gtformer_tuned_s4,5989,0.9783229619716739,0.9809431519373708,0.864,0.08333333333333333,0.24870466321243523,0.4326424870466321,0.9086666666666666,0.01672800267648043,0.0,0.0,0.08333333333333333,0.0,2835,28,137,0.8927689594356261,0.32142857142857145,0.22627737226277372,0.3893129770992366,0.2,0.17551020408163265,0.6254589963280294,0.9436555199267064,0.788,0.952,0.912,0.876,0.936,0.828,0.808,0.744,0.792,0.848,0.892,0.908,0.0,1331.107019662857,17.373385503427833
ELF,mlp_full,5989,0.9744882903981267,0.9598301608353337,0.22766666666666666,0.024666666666666667,0.18393782383419688,0.48704663212435234,0.6836666666666666,0.024422883907661425,0.05181347150259067,0.05958549222797927,0.04733333333333333,0.0016728002676480427,2835,28,137,0.2289241622574956,0.25,0.19708029197080293,0.22900763358778625,0.0,0.1673469387755102,0.2741738066095471,0.21026110856619332,0.168,0.16,0.18,0.26,0.26,0.196,0.272,0.228,0.328,0.304,0.22,0.156,0.0,161.88439178466797,2.8139682221360904
ELF,mlp_mlp_plain,5989,0.9881404037024645,0.9892726329635639,0.8703333333333333,0.5113333333333333,0.24870466321243523,0.5751295336787565,0.93,0.03278688524590164,0.0051813471502590676,0.27202072538860106,0.8846666666666667,0.013047842087654735,2835,28,137,0.8952380952380953,0.35714285714285715,0.27007299270072993,0.35877862595419846,0.2,0.19183673469387755,0.6266829865361077,0.9496106275767293,0.808,0.952,0.9,0.908,0.932,0.84,0.828,0.752,0.784,0.848,0.884,0.904,0.0,460.8935902118683,5.529965476970637
ELF,mlp_mlp_plain_s1,5989,0.986767480762797,0.9881103217195859,0.8406666666666667,0.555,0.2538860103626943,0.5310880829015544,0.9213333333333333,0.031114084978253596,0.010362694300518135,0.24352331606217617,0.8333333333333334,0.008698561391769822,2835,28,137,0.8754850088183421,0.2857142857142857,0.20437956204379562,0.35877862595419846,0.2,0.2,0.576499388004896,0.9377004122766834,0.768,0.944,0.88,0.892,0.932,0.82,0.816,0.72,0.716,0.836,0.852,0.896,0.0,511.20509815216064,12.658557582924653
ELF,mlp_mlp_plain_s2,5989,0.98798862495818,0.9893793671744026,0.8526666666666667,0.6626666666666666,0.2538860103626943,0.4119170984455959,0.9313333333333333,0.029106724657075946,0.02072538860103627,0.28756476683937826,0.8823333333333333,0.014720642355302778,2835,28,137,0.8843033509700177,0.25,0.24087591240875914,0.35877862595419846,0.2,0.2,0.587515299877601,0.9468621163536418,0.8,0.956,0.9,0.904,0.94,0.812,0.792,0.736,0.76,0.84,0.86,0.888,0.0,528.6524934768677,11.138554546147917
ELF,mlp_mlp_plain_s3,5989,0.9876692873870858,0.9886698345285034,0.8306666666666667,0.48033333333333333,0.19948186528497408,0.3704663212435233,0.9153333333333333,0.023753763800602207,0.0051813471502590676,0.17357512953367876,0.8066666666666666,0.008364001338240215,2835,28,137,0.8596119929453263,0.2857142857142857,0.18248175182481752,0.32061068702290074,0.2,0.1346938775510204,0.5605875152998776,0.9216674301420064,0.768,0.932,0.876,0.876,0.908,0.796,0.78,0.712,0.728,0.796,0.836,0.872,0.0,126.1702344417572,2.789604860905475
ELF,mlp_mlp_plain_s4,5989,0.9871448645031784,0.9882510529175493,0.825,0.46266666666666667,0.22538860103626943,0.5621761658031088,0.9346666666666666,0.02843760455001673,0.0025906735751295338,0.27202072538860106,0.867,0.012713282034125126,2835,28,137,0.8525573192239859,0.25,0.20437956204379562,0.33587786259541985,0.2,0.1673469387755102,0.5581395348837209,0.9143380668804397,0.752,0.912,0.84,0.876,0.9,0.796,0.796,0.696,0.72,0.832,0.816,0.872,0.0,136.3716275691986,3.3963003268443317
ELF,moe_full,5989,0.978878443180551,0.9633522895313597,0.44633333333333336,0.009666666666666667,0.27202072538860106,0.5233160621761658,0.8456666666666667,0.022750083640013383,0.054404145077720206,0.07772020725388601,0.015333333333333332,0.0016728002676480427,2835,28,137,0.4017636684303351,0.32142857142857145,0.24817518248175183,0.35877862595419846,0.2,0.22857142857142856,0.35495716034271724,0.4086120018323408,0.308,0.372,0.396,0.392,0.504,0.42,0.424,0.308,0.512,0.448,0.292,0.352,0.0,645.0721576213837,5.577020204053297
ELF,moe_plain,5989,0.9857893386862944,0.9867857895143933,0.8013333333333333,0.4563333333333333,0.18652849740932642,0.40414507772020725,0.92,0.029106724657075946,0.03367875647668394,0.14766839378238342,0.7503333333333333,0.00702576112412178,2835,28,137,0.8257495590828924,0.32142857142857145,0.20437956204379562,0.2748091603053435,0.2,0.13877551020408163,0.5287637698898409,0.891433806688044,0.736,0.884,0.812,0.848,0.884,0.772,0.788,0.648,0.716,0.776,0.792,0.856,0.0,529.3012647628784,12.227899344701125
ELF,moe_plain_s1,5989,0.9870431024868964,0.9881150306820349,0.8463333333333334,0.48966666666666664,0.17098445595854922,0.4689119170984456,0.9303333333333333,0.02843760455001673,0.025906735751295335,0.266839378238342,0.9063333333333333,0.018066242890598862,2835,28,137,0.8772486772486773,0.21428571428571427,0.19708029197080293,0.29770992366412213,0.1,0.10612244897959183,0.6132190942472461,0.9248740265689418,0.872,0.936,0.868,0.904,0.92,0.784,0.796,0.732,0.744,0.78,0.848,0.896,0.0,539.6790323257446,23.120391904302583
ELF,moe_plain_s2,5989,0.9847935764469722,0.9868566787692998,0.8226666666666667,0.599,0.19948186528497408,0.6139896373056994,0.937,0.036132485781197723,0.06994818652849741,0.25906735751295334,0.859,0.014720642355302778,2835,28,137,0.852910052910053,0.25,0.23357664233576642,0.26717557251908397,0.2,0.16326530612244897,0.5422276621787026,0.9225836005497022,0.788,0.908,0.868,0.888,0.912,0.776,0.768,0.692,0.72,0.796,0.824,0.888,0.0,426.64967942237854,3.171735423736649
ELF,moe_plain_s3,5989,0.9872360878777741,0.9885288286332099,0.8503333333333334,0.599,0.18911917098445596,0.4170984455958549,0.9203333333333333,0.02977584476413516,0.025906735751295335,0.10621761658031088,0.7253333333333334,0.0026764804282368685,2835,28,137,0.8832451499118166,0.25,0.21897810218978103,0.2595419847328244,0.2,0.1510204081632653,0.6009791921664627,0.9390746678882272,0.812,0.944,0.884,0.888,0.928,0.828,0.804,0.74,0.748,0.82,0.876,0.892,0.0,187.87224197387695,3.0982870553208226
ELF,moe_plain_s4,5989,0.9828614921378388,0.9847193165353747,0.832,0.23166666666666666,0.21243523316062177,0.38860103626943004,0.924,0.0274339243894279,0.0,0.23056994818652848,0.8693333333333333,0.014386082301773169,2835,28,137,0.8691358024691358,0.2857142857142857,0.17518248175182483,0.3816793893129771,0.2,0.12244897959183673,0.5752753977968176,0.9280806229958772,0.796,0.936,0.876,0.9,0.908,0.78,0.788,0.708,0.732,0.824,0.852,0.884,0.0,246.8626410961151,3.6694725241719195
ELF,proto_full,5989,0.9707276681164269,0.94069841359601,0.059,0.017,0.09844559585492228,0.5854922279792746,0.914,0.035463365674138506,0.02072538860103627,0.10103626943005181,0.058333333333333334,0.009702241552358649,2835,28,137,0.051499118165784834,0.10714285714285714,0.16058394160583941,0.183206106870229,0.0,0.05714285714285714,0.10403916768665851,0.03939532753092075,0.016,0.0,0.008,0.048,0.032,0.076,0.06,0.088,0.092,0.136,0.068,0.06,0.0,556.4934408664703,3.057761072097348
ELF,proto_no_con,5989,0.9766568529050964,0.953421021019037,0.104,0.012666666666666666,0.07253886010362694,0.5129533678756477,0.9223333333333333,0.03278688524590164,0.02849740932642487,0.09585492227979274,0.11633333333333333,0.010036801605888258,2835,28,137,0.06878306878306878,0.25,0.15328467153284672,0.15267175572519084,0.0,0.0326530612244898,0.13953488372093023,0.04993128721942281,0.044,0.028,0.044,0.056,0.032,0.072,0.112,0.104,0.132,0.112,0.108,0.048,0.0,760.1645202636719,25.325315905087063
ELF,proto_plain,5989,0.9865587152893944,0.9882109701195592,0.841,0.5786666666666667,0.16580310880829016,0.49222797927461137,0.932,0.031114084978253596,0.018134715025906734,0.20466321243523317,0.8586666666666667,0.010705921712947474,2835,28,137,0.872663139329806,0.21428571428571427,0.20437956204379562,0.31297709923664124,0.1,0.08979591836734693,0.5642594859241126,0.9377004122766834,0.788,0.952,0.884,0.876,0.928,0.8,0.8,0.696,0.764,0.808,0.852,0.884,0.0,650.8101258277893,20.383216041339463
PDF,base,12000,0.9906348333333335,0.9926944628500614,0.9241666666666667,0.7951666666666667,0.5639751552795031,0.6459627329192547,0.9445,0.022833333333333334,0.3142857142857143,0.4124223602484472,0.8686666666666667,0.002,1307,44,4649,0.891354246365723,0.8181818181818182,0.9343944934394494,0.5190839694656488,0.5,0.5729166666666666,0.8339793281653747,0.9555256064690026,0.986,0.968,0.872,0.904,0.896,0.932,0.926,0.914,0.906,0.906,0.934,0.946,223.0,61.65523052215576,4.080673058827718
PDF,cw,12000,0.9908408611111112,0.9927768821399897,0.9245,0.843,0.5701863354037268,0.6447204968944099,0.9406666666666667,0.024166666666666666,0.37142857142857144,0.43975155279503103,0.8886666666666667,0.0026666666666666666,1307,44,4649,0.891354246365723,0.8181818181818182,0.9348246934824693,0.5267175572519084,0.5,0.5788690476190477,0.8333333333333334,0.956199460916442,0.986,0.968,0.864,0.908,0.898,0.924,0.924,0.918,0.916,0.91,0.932,0.946,169.0,55.515174865722656,3.429989020029704
PDF,cwfb,12000,0.9907234166666667,0.9927478016776086,0.9255,0.828,0.5714285714285714,0.6409937888198758,0.9371666666666667,0.023,0.3453416149068323,0.4360248447204969,0.8848333333333334,0.0023333333333333335,1307,44,4649,0.8898240244835501,0.8181818181818182,0.9365454936545493,0.5343511450381679,0.5,0.5788690476190477,0.8313953488372093,0.9582210242587601,0.99,0.964,0.866,0.908,0.9,0.928,0.926,0.916,0.914,0.91,0.936,0.948,239.0,60.47383642196655,4.473487536112468
PDF,cwinv,12000,0.9906682777777779,0.9927135440204478,0.9218333333333333,0.801,0.5565217391304348,0.6447204968944099,0.9463333333333334,0.024333333333333332,0.28074534161490683,0.4298136645962733,0.8865,0.0023333333333333335,1307,44,4649,0.8898240244835501,0.8181818181818182,0.9318132931813293,0.5038167938931297,0.5,0.5669642857142857,0.8313953488372093,0.9532794249775381,0.984,0.964,0.872,0.906,0.898,0.928,0.928,0.906,0.904,0.902,0.928,0.942,154.0,44.94234752655029,6.388386090596517
PDF,ens2_gt_lgbm,12000,0.9893238055555555,0.9919103865739408,0.9225,0.8075,0.5577639751552795,0.653416149068323,0.9525,0.020833333333333332,0.315527950310559,0.5080745341614907,0.9095,0.0065,1307,44,4649,0.8837031369548585,0.8181818181818182,0.9343944934394494,0.5343511450381679,0.5,0.5625,0.8417312661498708,0.9505840071877808,0.99,0.97,0.878,0.906,0.904,0.944,0.93,0.894,0.894,0.896,0.92,0.944,0.0,622.7657344341278,11.636296908060709
PDF,ens3_deep,12000,0.9850002916666666,0.9884861138456515,0.8873333333333333,0.6616666666666666,0.5614906832298137,0.6037267080745342,0.924,0.017333333333333333,0.19875776397515527,0.46335403726708074,0.7866666666666666,0.0036666666666666666,1307,44,4649,0.7620504973221117,0.7954545454545454,0.9195525919552592,0.5190839694656488,0.5,0.5699404761904762,0.832687338501292,0.9022911051212938,0.988,0.96,0.88,0.904,0.902,0.952,0.938,0.846,0.766,0.778,0.792,0.906,0.0,1551.3053588867188,28.972625732421875
PDF,ens3_full_deep,12000,0.9882173055555555,0.990755772369261,0.9241666666666667,0.6536666666666666,0.5403726708074534,0.6074534161490683,0.9416666666666667,0.018,0.2906832298136646,0.4658385093167702,0.8613333333333333,0.004666666666666667,1307,44,4649,0.8859984697781178,0.8181818181818182,0.9337491933749194,0.5114503816793893,0.5,0.5461309523809523,0.8475452196382429,0.9485624438454627,0.984,0.96,0.892,0.912,0.904,0.936,0.924,0.9,0.892,0.898,0.922,0.946,0.0,2216.2470378875732,28.29575538635254
PDF,ens4_deep_lgbm,12000,0.9881736249999999,0.9908944305216132,0.9198333333333333,0.6933333333333334,0.5739130434782609,0.631055900621118,0.946,0.019333333333333334,0.2894409937888199,0.46335403726708074,0.8243333333333334,0.0035,1307,44,4649,0.8584544758990054,0.8181818181818182,0.9367605936760593,0.5419847328244275,0.5,0.5803571428571429,0.8488372093023255,0.9431716082659479,0.992,0.964,0.884,0.912,0.906,0.954,0.938,0.894,0.868,0.87,0.902,0.942,0.0,1612.9605894088745,33.05329879124959
PDF,ens_gttuned_lgbm,12000,0.9864616111111111,0.9898247693572779,0.9263333333333333,0.6861666666666667,0.5652173913043478,0.6546583850931676,0.9511666666666667,0.023333333333333334,0.28819875776397513,0.43850931677018634,0.855,0.0025,1307,44,4649,0.8936495791889824,0.8636363636363636,0.9346095934609594,0.5267175572519084,0.5,0.5729166666666666,0.8475452196382429,0.9521563342318059,0.988,0.968,0.884,0.922,0.908,0.94,0.926,0.9,0.894,0.908,0.924,0.94,0.0,1384.5049123764038,23.980021476745602
PDF,ens_mlp_lgbm,12000,0.989328777777778,0.9917451446649127,0.9258333333333333,0.757,0.5677018633540373,0.6484472049689441,0.9545,0.028,0.32546583850931676,0.422360248447205,0.8173333333333334,0.0023333333333333335,1307,44,4649,0.8837031369548585,0.7954545454545454,0.9386964938696494,0.549618320610687,0.5,0.5714285714285714,0.8436692506459949,0.954177897574124,0.986,0.966,0.88,0.918,0.902,0.944,0.928,0.904,0.906,0.906,0.922,0.946,0.0,522.548820734024,13.408879439036049
PDF,fb,12000,0.9911724166666667,0.9930271746448759,0.9236666666666666,0.8318333333333333,0.5366459627329192,0.6521739130434783,0.9533333333333334,0.028166666666666666,0.3217391304347826,0.43105590062111804,0.8851666666666667,0.003,1307,44,4649,0.891354246365723,0.8181818181818182,0.9331038933103893,0.4580152671755725,0.5,0.5520833333333334,0.838501291989664,0.9526055705300989,0.982,0.966,0.874,0.908,0.902,0.93,0.926,0.912,0.908,0.906,0.924,0.94,96.0,36.17135548591614,3.722846508026123
PDF,gtformer_full,12000,0.9852163194444444,0.9883826405609486,0.8901666666666667,0.5586666666666666,0.49813664596273294,0.5788819875776398,0.9195,0.020666666666666667,0.15279503105590062,0.3490683229813665,0.738,0.0033333333333333335,1307,44,4649,0.8454475899005356,0.75,0.901914390191439,0.48854961832061067,0.5,0.5,0.7906976744186046,0.9225067385444744,0.978,0.946,0.86,0.882,0.85,0.898,0.89,0.868,0.852,0.86,0.864,0.914,0.0,1014.6814393997192,18.32393805185954
PDF,gtformer_no_aux,12000,0.9867315694444444,0.9893359005651732,0.8978333333333334,0.5708333333333333,0.5229813664596273,0.5813664596273292,0.9285,0.018,0.25838509316770186,0.30559006211180123,0.6146666666666667,0.002,1307,44,4649,0.8553940321346595,0.7954545454545454,0.9098730909873091,0.4732824427480916,0.5,0.5327380952380952,0.8029715762273901,0.9299191374663073,0.976,0.956,0.864,0.894,0.882,0.914,0.918,0.874,0.868,0.876,0.856,0.888,0.0,574.1571848392487,7.884303728739421
PDF,gtformer_no_cam,12000,0.9865705833333334,0.989113294898734,0.8575,0.6476666666666666,0.5242236024844721,0.5937888198757764,0.9213333333333333,0.017166666666666667,0.2248447204968944,0.37763975155279506,0.7071666666666667,0.0035,1307,44,4649,0.7260902830910482,0.9090909090909091,0.892449989244999,0.48091603053435117,0.5,0.5327380952380952,0.8339793281653747,0.8641060197663971,0.974,0.96,0.906,0.936,0.898,0.93,0.914,0.78,0.668,0.72,0.724,0.866,0.0,588.8942556381226,7.990062236785888
PDF,gtformer_no_grl,12000,0.9809599444444445,0.9865339216143307,0.9065,0.6433333333333333,0.5329192546583851,0.591304347826087,0.9231666666666667,0.0155,0.18012422360248448,0.3627329192546584,0.7925,0.0018333333333333333,1307,44,4649,0.8508033664881408,0.7727272727272727,0.9232092923209292,0.46564885496183206,0.5,0.5461309523809523,0.8171834625322998,0.9373315363881402,0.984,0.958,0.87,0.906,0.908,0.936,0.936,0.868,0.85,0.866,0.876,0.918,0.0,567.5777087211609,7.831156253814696
PDF,gtformer_plain,12000,0.9820710972222222,0.9867077052779236,0.8906666666666667,0.6463333333333333,0.5242236024844721,0.5788819875776398,0.9211666666666667,0.017666666666666667,0.19006211180124225,0.45590062111801244,0.8438333333333333,0.007166666666666667,1307,44,4649,0.8056618209640398,0.8181818181818182,0.9141750914175092,0.48854961832061067,0.5,0.53125,0.8255813953488372,0.9121743036837376,0.988,0.964,0.878,0.902,0.87,0.938,0.924,0.852,0.8,0.824,0.842,0.896,0.0,561.110503911972,7.555623849232991
PDF,gtformer_plain_s1,12000,0.9777505000000001,0.9831130608271258,0.7761666666666667,0.6443333333333333,0.515527950310559,0.5391304347826087,0.8018333333333333,0.012166666666666666,0.18757763975155278,0.1763975155279503,0.6248333333333334,0.0006666666666666666,1307,44,4649,0.4889058913542464,0.7727272727272727,0.8545923854592385,0.46564885496183206,0.5,0.5252976190476191,0.7655038759689923,0.777403414195867,0.982,0.952,0.872,0.896,0.886,0.932,0.912,0.66,0.458,0.498,0.512,0.732,0.0,1027.4262244701385,16.7271892229716
PDF,gtformer_plain_s2,12000,0.979405375,0.9850917435084171,0.8773333333333333,0.6518333333333334,0.5192546583850932,0.5714285714285714,0.9245,0.018333333333333333,0.21739130434782608,0.34658385093167704,0.6943333333333334,0.0031666666666666666,1307,44,4649,0.774292272379495,0.7954545454545454,0.906001290600129,0.4351145038167939,0.5,0.5357142857142857,0.7971576227390181,0.9040880503144654,0.988,0.968,0.9,0.912,0.904,0.936,0.928,0.83,0.76,0.762,0.746,0.884,0.0,982.664413690567,19.900778929392494
PDF,gtformer_plain_s3,12000,0.9798997638888889,0.9852426335166292,0.873,0.6418333333333334,0.48819875776397514,0.5701863354037268,0.9248333333333333,0.018833333333333334,0.21614906832298136,0.22608695652173913,0.6468333333333334,0.0011666666666666668,1307,44,4649,0.7459831675592961,0.75,0.900193590019359,0.40458015267175573,0.5,0.5044642857142857,0.8094315245478036,0.8849955076370171,0.986,0.958,0.872,0.898,0.89,0.932,0.914,0.816,0.714,0.76,0.766,0.88,0.0,572.9746675491333,10.767638683319092
PDF,gtformer_plain_s4,12000,0.9786833472222222,0.9838375314725892,0.8256666666666667,0.687,0.5142857142857142,0.5590062111801242,0.8646666666666667,0.0155,0.2608695652173913,0.38633540372670805,0.7216666666666667,0.0023333333333333335,1307,44,4649,0.6029074215761285,0.7727272727272727,0.8857818885781888,0.4122137404580153,0.5,0.5342261904761905,0.789405684754522,0.8351302785265049,0.986,0.958,0.886,0.904,0.884,0.934,0.922,0.75,0.592,0.62,0.634,0.81,0.0,557.6866936683655,7.197737693786621
PDF,gtformer_tuned,12000,0.9752109999999999,0.9822319555782365,0.8518333333333333,0.6708333333333333,0.5217391304347826,0.6049689440993788,0.9308333333333333,0.024833333333333332,0.2546583850931677,0.28695652173913044,0.6761666666666667,0.0015,1307,44,4649,0.7192042846212701,0.8409090909090909,0.8892234889223489,0.46564885496183206,0.5,0.5327380952380952,0.8074935400516796,0.8672506738544474,0.986,0.96,0.882,0.916,0.886,0.928,0.91,0.782,0.656,0.738,0.72,0.858,0.0,1322.849681854248,19.899348417917885
PDF,gtformer_tuned_s1,12000,0.9560564166666666,0.969400947835903,0.8193333333333334,0.654,0.5354037267080746,0.5515527950310559,0.8383333333333334,0.0135,0.284472049689441,0.253416149068323,0.6276666666666667,0.0006666666666666666,1307,44,4649,0.6090283091048202,0.7727272727272727,0.8758872875887288,0.48091603053435117,0.5,0.5461309523809523,0.7945736434108527,0.8247978436657682,0.984,0.95,0.876,0.902,0.886,0.93,0.926,0.762,0.592,0.618,0.604,0.774,0.0,1295.2842152118683,17.863214015960693
PDF,gtformer_tuned_s2,12000,0.9728569444444445,0.9790513872276703,0.7865,0.6355,0.5503105590062112,0.5614906832298137,0.8171666666666667,0.0145,0.23229813664596274,0.4,0.7108333333333333,0.0028333333333333335,1307,44,4649,0.5065034429992349,0.9090909090909091,0.8638416863841686,0.5038167938931297,0.5,0.5595238095238095,0.8217054263565892,0.7740341419586703,0.984,0.972,0.938,0.952,0.908,0.936,0.926,0.682,0.44,0.478,0.482,0.738,0.0,1290.113174200058,17.681737740834553
PDF,gtformer_tuned_s3,12000,0.9743096805555556,0.9816794260554018,0.8676666666666667,0.6593333333333333,0.546583850931677,0.6049689440993788,0.91,0.019333333333333334,0.2596273291925466,0.3093167701863354,0.6901666666666667,0.0016666666666666668,1307,44,4649,0.7436878347360367,0.7954545454545454,0.902989890298989,0.48091603053435117,0.5,0.5595238095238095,0.8107235142118863,0.8872416891284816,0.99,0.952,0.896,0.916,0.876,0.928,0.926,0.806,0.746,0.762,0.75,0.862,0.0,1320.0923268795013,18.233100573221844
PDF,gtformer_tuned_s4,12000,0.9724104027777778,0.9785981499787082,0.7758333333333334,0.6645,0.5192546583850932,0.5739130434782609,0.8243333333333334,0.018166666666666668,0.2596273291925466,0.2596273291925466,0.6626666666666666,0.0008333333333333334,1307,44,4649,0.4881407804131599,0.8181818181818182,0.8556678855667885,0.46564885496183206,0.5,0.5297619047619048,0.770671834625323,0.7769541778975741,0.994,0.954,0.874,0.912,0.89,0.934,0.912,0.662,0.466,0.498,0.47,0.738,0.0,1331.107019662857,18.4712807337443
PDF,mlp_full,12000,0.9843328888888888,0.988421958477681,0.9206666666666666,0.6421666666666667,0.5180124223602485,0.5639751552795031,0.9293333333333333,0.014333333333333333,0.2248447204968944,0.37888198757763975,0.7705,0.003,1307,44,4649,0.8905891354246366,0.7954545454545454,0.9294471929447193,0.46564885496183206,0.5,0.5282738095238095,0.8404392764857881,0.9476639712488769,0.978,0.958,0.896,0.91,0.896,0.936,0.934,0.906,0.888,0.894,0.912,0.932,0.0,161.88439178466797,2.7343829472859698
PDF,mlp_mlp_plain,12000,0.9833585833333334,0.9870743116786197,0.8353333333333334,0.66,0.5304347826086957,0.5801242236024845,0.9113333333333333,0.017,0.19751552795031055,0.23975155279503105,0.6643333333333333,0.0011666666666666668,1307,44,4649,0.613618974751339,0.7954545454545454,0.895461389546139,0.48091603053435117,0.5,0.5401785714285714,0.8145994832041343,0.8398472596585804,0.978,0.966,0.876,0.908,0.902,0.95,0.926,0.768,0.628,0.638,0.644,0.816,0.0,460.8935902118683,9.328206380208332
PDF,mlp_mlp_plain_s1,12000,0.9840779583333334,0.9876579568576117,0.8475,0.6691666666666667,0.5180124223602485,0.5714285714285714,0.9126666666666666,0.018,0.24720496894409938,0.24347826086956523,0.6655,0.0008333333333333334,1307,44,4649,0.6702371843917369,0.8181818181818182,0.894385889438589,0.46564885496183206,0.5,0.5282738095238095,0.7997416020671835,0.8607367475292004,0.982,0.958,0.882,0.902,0.89,0.93,0.924,0.794,0.636,0.676,0.714,0.852,0.0,511.20509815216064,21.299640337626137
PDF,mlp_mlp_plain_s2,12000,0.9847379444444444,0.9880310514872908,0.827,0.6635,0.5204968944099378,0.5900621118012422,0.9166666666666666,0.019166666666666665,0.22111801242236026,0.337888198757764,0.694,0.0025,1307,44,4649,0.6097934200459066,0.8181818181818182,0.8862120886212088,0.4580152671755725,0.5,0.5327380952380952,0.8036175710594315,0.8331087151841868,0.98,0.958,0.888,0.908,0.89,0.936,0.914,0.756,0.606,0.618,0.64,0.812,0.0,528.6524934768677,21.809180577596027
PDF,mlp_mlp_plain_s3,12000,0.9853424444444444,0.9882778186964201,0.831,0.6701666666666667,0.5180124223602485,0.5701863354037268,0.8903333333333333,0.015166666666666667,0.2496894409937888,0.3801242236024845,0.7143333333333334,0.0023333333333333335,1307,44,4649,0.6182096403978576,0.8181818181818182,0.8909442890944289,0.48091603053435117,0.5,0.5252976190476191,0.8126614987080103,0.8373764600179695,0.988,0.962,0.882,0.91,0.898,0.95,0.932,0.756,0.596,0.614,0.656,0.828,0.0,126.1702344417572,3.1741857528686523
PDF,mlp_mlp_plain_s4,12000,0.9844500277777777,0.9880201003905542,0.8631666666666666,0.6596666666666666,0.5167701863354037,0.5739130434782609,0.9131666666666667,0.017166666666666667,0.24099378881987576,0.4062111801242236,0.7448333333333333,0.0031666666666666666,1307,44,4649,0.7107880642693191,0.8409090909090909,0.904710690471069,0.46564885496183206,0.5,0.5267857142857143,0.8229974160206718,0.8755615453728661,0.984,0.966,0.9,0.91,0.888,0.94,0.93,0.83,0.69,0.714,0.724,0.868,0.0,136.3716275691986,3.295262654622396
PDF,moe_full,12000,0.9844713055555554,0.988423742807411,0.91,0.6546666666666666,0.5316770186335403,0.5838509316770186,0.9438333333333333,0.02033333333333333,0.21987577639751552,0.34782608695652173,0.7188333333333333,0.0028333333333333335,1307,44,4649,0.8508033664881408,0.8863636363636364,0.9260055926005593,0.46564885496183206,0.5,0.5446428571428571,0.8611111111111112,0.9261006289308176,0.982,0.96,0.908,0.926,0.902,0.952,0.93,0.872,0.844,0.844,0.864,0.928,0.0,645.0721576213837,6.946722666422526
PDF,moe_plain,12000,0.978951125,0.9831042619574449,0.793,0.6583333333333333,0.5229813664596273,0.5602484472049689,0.837,0.015,0.2683229813664596,0.39751552795031053,0.707,0.0025,1307,44,4649,0.5210405508798776,0.7727272727272727,0.8664228866422886,0.4732824427480916,0.5,0.5327380952380952,0.7842377260981912,0.7926774483378257,0.988,0.954,0.876,0.898,0.898,0.932,0.922,0.692,0.494,0.526,0.528,0.778,0.0,529.3012647628784,12.08879550298055
PDF,moe_plain_s1,12000,0.9670650694444444,0.973522422095296,0.7706666666666667,0.6428333333333334,0.506832298136646,0.55527950310559,0.8048333333333333,0.018,0.26335403726708073,0.32546583850931676,0.6791666666666667,0.0021666666666666666,1307,44,4649,0.4705432287681714,0.7954545454545454,0.8526564852656485,0.44274809160305345,0.5,0.5193452380952381,0.7732558139534884,0.7675202156334232,0.982,0.95,0.866,0.892,0.888,0.92,0.912,0.676,0.452,0.472,0.466,0.752,0.0,539.6790323257446,24.678985277811687
PDF,moe_plain_s2,12000,0.9706616527777777,0.9766005820487584,0.7778333333333334,0.6611666666666667,0.5093167701863354,0.5937888198757764,0.835,0.021333333333333333,0.2670807453416149,0.4248447204968944,0.7355,0.004833333333333334,1307,44,4649,0.49273144605967867,0.75,0.8569584856958485,0.46564885496183206,0.5,0.5178571428571429,0.770671834625323,0.7789757412398922,0.984,0.956,0.866,0.896,0.886,0.922,0.906,0.678,0.476,0.504,0.484,0.764,0.0,426.64967942237854,3.22188933690389
PDF,moe_plain_s3,12000,0.9733890416666667,0.9794514229968181,0.781,0.6855,0.48819875776397514,0.5677018633540373,0.8386666666666667,0.018333333333333333,0.2720496894409938,0.3217391304347826,0.697,0.0015,1307,44,4649,0.4774292272379495,0.7954545454545454,0.8649171864917187,0.4122137404580153,0.5,0.5029761904761905,0.7906976744186046,0.7762803234501348,0.976,0.956,0.872,0.892,0.896,0.932,0.916,0.68,0.476,0.496,0.518,0.75,0.0,187.87224197387695,3.0229687690734863
PDF,moe_plain_s4,12000,0.9754359166666666,0.9804315187595432,0.7828333333333334,0.6538333333333334,0.5167701863354037,0.5639751552795031,0.828,0.016,0.24347826086956523,0.3627329192546584,0.6938333333333333,0.0023333333333333335,1307,44,4649,0.48508033664881406,0.75,0.8666379866637987,0.4580152671755725,0.5,0.5282738095238095,0.7939276485788114,0.7787511230907457,0.978,0.952,0.872,0.902,0.89,0.94,0.924,0.696,0.474,0.48,0.52,0.764,0.0,246.8626410961151,4.104057947794596
PDF,proto_full,12000,0.9876096666666667,0.9899844470441919,0.9111666666666667,0.5818333333333333,0.5018633540372671,0.5677018633540373,0.9268333333333333,0.016166666666666666,0.22732919254658385,0.4484472049689441,0.8523333333333334,0.005666666666666667,1307,44,4649,0.8607498087222647,0.7727272727272727,0.9219186921918692,0.48091603053435117,0.5,0.5059523809523809,0.8288113695090439,0.9348607367475292,0.974,0.96,0.87,0.908,0.894,0.924,0.912,0.886,0.876,0.872,0.89,0.924,0.0,556.4934408664703,3.0250946680704756
PDF,proto_no_con,12000,0.9870891111111111,0.9899936175203317,0.9246666666666666,0.617,0.5267080745341615,0.5565217391304348,0.937,0.014666666666666666,0.18633540372670807,0.39254658385093166,0.7525,0.0036666666666666666,1307,44,4649,0.9043611323641928,0.8863636363636364,0.9307377930737794,0.5190839694656488,0.5,0.5282738095238095,0.8695090439276486,0.9438454627133872,0.98,0.962,0.926,0.948,0.9,0.94,0.926,0.894,0.888,0.888,0.902,0.942,0.0,760.1645202636719,17.32953389485677
PDF,proto_plain,12000,0.9860279166666669,0.988310822004967,0.8131666666666667,0.6686666666666666,0.5428571428571428,0.6086956521739131,0.891,0.018333333333333333,0.24720496894409938,0.4658385093167702,0.746,0.005666666666666667,1307,44,4649,0.5723029839326702,0.8181818181818182,0.8786835878683588,0.48091603053435117,0.5,0.5550595238095238,0.7887596899224806,0.8194070080862533,0.982,0.958,0.872,0.9,0.898,0.928,0.918,0.746,0.55,0.584,0.6,0.802,0.0,650.8101258277893,20.683368047078453
Win32,base,359994,0.9982001806387374,0.9983431435509353,0.9684388888888888,0.9002166666666667,0.631937984496124,0.6018604651162791,0.9665111111111111,0.00927253130659911,0.4046511627906977,0.4108527131782946,0.9067722222222222,0.0012555974088025157,158944,967,20089,0.9751799375880813,0.8914167528438469,0.9186619543033501,0.7547495682210709,0.1111111111111111,0.3211111111111111,0.9094765696384284,0.9886372114538102,0.9725333333333334,0.9721333333333333,0.9733333333333334,0.9738,0.9748,0.9653333333333334,0.9768666666666667,0.9659333333333333,0.9572,0.9634,0.9637333333333333,0.962,500.0,1308.659131526947,20.403183475417812
Win32,cw,359994,0.998090171045825,0.9982370456391924,0.9673444444444445,0.8895166666666666,0.635968992248062,0.6077519379844961,0.9650833333333333,0.009122526306432437,0.408062015503876,0.4111627906976744,0.8972888888888889,0.0012833761125370846,158944,967,20089,0.9739971310650292,0.8831437435367114,0.9187117327890886,0.7625215889464594,0.1111111111111111,0.31555555555555553,0.9126310751424966,0.9861005416536103,0.971,0.9708666666666667,0.9722,0.9729333333333333,0.9744,0.9657333333333333,0.9756666666666667,0.9648666666666667,0.9569333333333333,0.9631333333333333,0.9614,0.9589333333333333,500.0,1363.2558331489563,42.39513669315211
Win32,cwfb,359994,0.9980120975946112,0.9981634323620217,0.9660888888888889,0.89095,0.6964341085271318,0.6455813953488372,0.9589055555555556,0.007761369823438559,0.41209302325581393,0.40248062015503877,0.8841388888888889,0.0007833594453148438,158944,967,20089,0.9727954499698007,0.9048603929679421,0.9159241375877346,0.8419689119170984,0.2222222222222222,0.32666666666666666,0.9132402210329373,0.9842055000969904,0.9721333333333333,0.971,0.9726666666666667,0.9714,0.9727333333333333,0.9641333333333333,0.9742,0.9631333333333333,0.9509333333333333,0.962,0.9588666666666666,0.9598,500.0,1279.3725950717926,45.25984062167231
Win32,cwinv,359994,0.9982173644677044,0.9983732790396733,0.9707111111111111,0.9068388888888889,0.5872868217054263,0.5497674418604651,0.9677444444444444,0.008844739269086747,0.4027906976744186,0.4006201550387597,0.9038388888888889,0.0009111414824938609,158944,967,20089,0.9776462150191262,0.890382626680455,0.9196077455323809,0.6990500863557858,0.0,0.3055555555555556,0.913501283557412,0.9903158899980602,0.974,0.9734666666666667,0.9755333333333334,0.9752666666666666,0.9766666666666667,0.9680666666666666,0.9782,0.9701333333333333,0.9588666666666666,0.9657333333333333,0.9670666666666666,0.9654,500.0,1308.0318648815155,43.921827163280476
Win32,ens2_gt_lgbm,359994,0.998369065481195,0.998504888160114,0.9708,0.9084222222222222,0.6719379844961241,0.6089922480620155,0.9685222222222222,0.008800293343111438,0.41209302325581393,0.37829457364341085,0.8996833333333333,0.0006833561118703956,158944,967,20089,0.9769352728004832,0.9120992761116856,0.9250833789636119,0.8113126079447323,0.1111111111111111,0.3188888888888889,0.9141974502893443,0.9902114388886402,0.9750666666666666,0.9759333333333333,0.9757333333333333,0.9765333333333334,0.9780666666666666,0.9711333333333333,0.9778,0.9698,0.9601333333333333,0.9642,0.9626,0.9626,0.0,1869.769635438919,28.25921453795131
Win32,ens3_deep,359994,0.9978983012705361,0.9980627139839445,0.9632166666666667,0.8796833333333334,0.49550387596899226,0.4824806201550388,0.9549277777777778,0.007800260008666956,0.33271317829457364,0.32868217054263565,0.8697777777777778,0.0008000266675555852,158944,967,20089,0.9705493758808134,0.8986556359875905,0.9082084722982727,0.5915371329879102,0.0,0.25333333333333335,0.8941391463255449,0.9868913857677902,0.9694666666666667,0.9692666666666667,0.9714666666666667,0.9694666666666667,0.9697333333333333,0.9659333333333333,0.9714,0.9621333333333333,0.9480666666666666,0.9562666666666667,0.9552,0.9500666666666666,0.0,1551.3053588867188,36.11074802393998
Win32,ens3_full_deep,359994,0.997363641642993,0.9973485090704705,0.9544833333333334,0.8209666666666666,0.48186046511627906,0.4710077519379845,0.9474444444444444,0.008483616120537352,0.3206201550387597,0.31224806201550387,0.7920555555555555,0.0008111381490494128,158944,967,20089,0.9627730521441514,0.8852119958634953,0.8922295783762257,0.5781519861830743,0.0,0.2388888888888889,0.8783883740155767,0.9805795544414104,0.9604,0.9624666666666667,0.9649333333333333,0.9638,0.9628666666666666,0.9559333333333333,0.9629333333333333,0.9510666666666666,0.9367333333333333,0.9482666666666667,0.9466666666666667,0.9377333333333333,0.0,2216.2470378875732,32.52126403941517
Win32,ens4_deep_lgbm,359994,0.9982948109072771,0.9984223244697421,0.9690055555555556,0.8959111111111111,0.524031007751938,0.49736434108527133,0.9637166666666667,0.00830583241663611,0.3333333333333333,0.33054263565891473,0.8907444444444444,0.0008333611120370679,158944,967,20089,0.9751925206361989,0.9120992761116856,0.9226442331624272,0.6213298791018999,0.0,0.2788888888888889,0.90956359047992,0.9893683692197502,0.9751333333333333,0.9746666666666667,0.9754666666666667,0.9746,0.9749333333333333,0.9698666666666667,0.9763333333333334,0.9679333333333333,0.9564666666666667,0.9624666666666667,0.9607333333333333,0.9592666666666667,0.0,2859.9644904136658,56.513931499357795
Win32,ens_gttuned_lgbm,359994,0.9984083242280916,0.9985455350478594,0.9726833333333333,0.90985,0.688062015503876,0.6117829457364341,0.9692555555555555,0.008666955565185507,0.4173643410852713,0.4173643410852713,0.9089333333333334,0.00098336611220374,158944,967,20089,0.9785270283873565,0.9183040330920372,0.9286176514510429,0.8268566493955095,0.1111111111111111,0.33666666666666667,0.921768263499108,0.9900771446051002,0.9767333333333333,0.9768666666666667,0.9777333333333333,0.9775333333333334,0.9783333333333334,0.9722,0.9746,0.9706666666666667,0.9628,0.9684666666666667,0.9688666666666667,0.9668,0.0,2631.508813381195,41.1102974246009
Win32,ens_mlp_lgbm,359994,0.9983771362594802,0.998496579591445,0.9701222222222222,0.9014055555555556,0.5603100775193799,0.5038759689922481,0.9657222222222223,0.00851139482427192,0.3324031007751938,0.33209302325581397,0.9003166666666667,0.0009500316677222574,158944,967,20089,0.9763627441111334,0.9079627714581179,0.9234904674199811,0.6601899827288429,0.0,0.3088888888888889,0.9123482574076491,0.9898980855603802,0.9758666666666667,0.9759333333333333,0.9757333333333333,0.9750666666666666,0.9753333333333334,0.9695333333333334,0.9775333333333334,0.9678666666666667,0.9585333333333333,0.9638666666666666,0.9628666666666666,0.963,0.0,1769.5527217388153,30.7097718693905
Win32,fb,359994,0.9981205206685901,0.9982742155288835,0.9683277777777778,0.9013277777777777,0.6936434108527132,0.649922480620155,0.9621666666666666,0.007800260008666956,0.404031007751938,0.40124031007751937,0.8998,0.0009444759269753437,158944,967,20089,0.9755196798872559,0.9079627714581179,0.9143312260441038,0.8402417962003454,0.1111111111111111,0.32222222222222224,0.9137405908715137,0.9870480624319202,0.9726666666666667,0.9714666666666667,0.9745333333333334,0.9746,0.9748,0.9665333333333334,0.9757333333333333,0.9662,0.9551333333333333,0.9642666666666667,0.9626666666666667,0.9613333333333334,500.0,1308.270724773407,47.40947690179059
Win32,gtformer_full,359994,0.9960625771476331,0.99592189911949,0.9381777777777778,0.64755,0.462015503875969,0.4551937984496124,0.9309833333333334,0.008522506305765747,0.32155038759689925,0.30883720930232555,0.46326666666666666,0.0005222396302098959,158944,967,20089,0.9488750754982888,0.8510858324715616,0.8577330877594703,0.559153713298791,0.0,0.21666666666666667,0.8506504807901493,0.9681946371816106,0.9460666666666666,0.9508,0.9483333333333334,0.9507333333333333,0.9520666666666666,0.9351333333333334,0.9424666666666667,0.9346666666666666,0.9169333333333334,0.9314666666666667,0.9287333333333333,0.9207333333333333,0.0,1014.6814393997192,16.59537463471444
Win32,gtformer_no_aux,359994,0.9967065761142655,0.9967702873700085,0.9439777777777778,0.7419166666666667,0.4803100775193798,0.46635658914728684,0.9368777777777778,0.008211384823938576,0.38883720930232557,0.3510077519379845,0.6900388888888889,0.0007111348156049646,158944,967,20089,0.9539460438896719,0.8676318510858325,0.8687839115934093,0.5803108808290155,0.1111111111111111,0.22666666666666666,0.8605708567201845,0.9725815837772506,0.9466,0.9541333333333334,0.9567333333333333,0.9558666666666666,0.9571333333333333,0.9434,0.9481333333333334,0.9395333333333333,0.9254666666666667,0.9381333333333334,0.9368,0.9258,0.0,574.1571848392487,7.973147531898495
Win32,gtformer_no_cam,359994,0.9969362047253428,0.996848080271487,0.9498166666666666,0.8433222222222222,0.4865116279069767,0.4765891472868217,0.9435888888888889,0.008044712601531162,0.4055813953488372,0.11286821705426357,0.43829444444444443,0.0002833427780926031,158944,967,20089,0.9606402254882223,0.8748707342295761,0.8677883418786401,0.5902417962003454,0.1111111111111111,0.22333333333333333,0.8600052212504895,0.9806168584090604,0.9534666666666667,0.9562,0.9598666666666666,0.96,0.9621333333333333,0.9502,0.9544666666666667,0.9480666666666666,0.9328,0.9424,0.9424,0.9358,0.0,588.8942556381226,8.201405998825974
Win32,gtformer_no_grl,359994,0.9974700277817903,0.9976470085707324,0.9565111111111111,0.8727555555555555,0.4927131782945736,0.48496124031007753,0.9506611111111111,0.008400280009333645,0.32527131782945734,0.3209302325581395,0.8566444444444444,0.000700023334111137,158944,967,20089,0.964270434870143,0.8862461220268872,0.8970083130071184,0.5911053540587219,0.0,0.24444444444444444,0.8849802027585607,0.9808182998343704,0.9605333333333334,0.9635333333333334,0.967,0.9645333333333334,0.9666,0.9555333333333333,0.96,0.9532666666666667,0.9431333333333334,0.95,0.9499333333333333,0.9420666666666667,0.0,567.5777087211609,7.889086362626105
Win32,gtformer_plain,359994,0.9975348368248077,0.9977596304615857,0.9598444444444444,0.8774944444444445,0.5010852713178294,0.4843410852713178,0.9549166666666666,0.008211384823938576,0.33178294573643413,0.3221705426356589,0.8550888888888889,0.0005111281487160683,158944,967,20089,0.9684039661767666,0.8934850051706308,0.8951167305490567,0.6040587219343696,0.1111111111111111,0.24,0.8856111038593744,0.9852723935717803,0.9639333333333333,0.9655333333333334,0.9681333333333333,0.9679333333333333,0.9692666666666667,0.9617333333333333,0.9664666666666667,0.9570666666666666,0.9432666666666667,0.9535333333333333,0.9531333333333334,0.9478666666666666,0.0,561.110503911972,7.856031062533497
Win32,gtformer_plain_s1,359994,0.9975745860818815,0.9977895127751754,0.9579444444444445,0.8825,0.49550387596899226,0.4846511627906977,0.9532611111111111,0.008400280009333645,0.41984496124031007,0.4046511627906977,0.8533444444444445,0.0004055690745247064,158944,967,20089,0.9668751258304812,0.8924508790072389,0.8904375528896411,0.5971502590673575,0.1111111111111111,0.23777777777777778,0.8829134577731367,0.9836757837563603,0.9628666666666666,0.9651333333333333,0.9668,0.966,0.968,0.9563333333333334,0.9635333333333334,0.9558666666666666,0.9434666666666667,0.9511333333333334,0.9518666666666666,0.9443333333333334,0.0,1027.4262244701385,14.24803572466598
Win32,gtformer_plain_s2,359994,0.9976576517674044,0.997847303560092,0.9585833333333333,0.8793388888888889,0.4908527131782946,0.4806201550387597,0.9548722222222222,0.00871695723190773,0.3330232558139535,0.33147286821705424,0.8759055555555556,0.0008444725935308955,158944,967,20089,0.9674665290920073,0.8955532574974147,0.8910846732042411,0.5949913644214162,0.0,0.22777777777777777,0.8818039420441196,0.9848769715146903,0.9632666666666667,0.9662666666666667,0.9680666666666666,0.9647333333333333,0.9678666666666667,0.9591333333333333,0.9648,0.955,0.9434,0.952,0.9507333333333333,0.9474,0.0,982.664413690567,19.229704758435833
Win32,gtformer_plain_s3,359994,0.9975770834182127,0.9977774291388634,0.9580166666666666,0.8754444444444445,0.49209302325581394,0.4855813953488372,0.95345,0.008533617787259576,0.3841860465116279,0.33085271317829457,0.8700055555555556,0.0007555807415802749,158944,967,20089,0.9664473021944836,0.8872802481902792,0.894718502663149,0.5911053540587219,0.0,0.24222222222222223,0.8816951659922552,0.9841905785099303,0.9612,0.965,0.9651333333333333,0.9656666666666667,0.9685333333333334,0.9606,0.9647333333333333,0.9546666666666667,0.9437333333333333,0.9507333333333333,0.9507333333333333,0.9454666666666667,0.0,572.9746675491333,8.71244685908441
Win32,gtformer_plain_s4,359994,0.9976464532614051,0.997843278764269,0.9590444444444445,0.8804277777777778,0.4970542635658915,0.4812403100775194,0.9522111111111111,0.008211384823938576,0.40930232558139534,0.39596899224806203,0.8651333333333333,0.0005833527784259475,158944,967,20089,0.9679635594926514,0.8883143743536711,0.8918811289760565,0.6006044905008635,0.1111111111111111,0.23444444444444446,0.8831092546664926,0.9850858737335303,0.9655333333333334,0.9673333333333334,0.9681333333333333,0.966,0.9688666666666667,0.9606666666666667,0.963,0.9564666666666667,0.9446666666666667,0.9516,0.9507333333333333,0.9455333333333333,0.0,557.6866936683655,7.802080674826501
Win32,gtformer_tuned,359994,0.9976161747984191,0.9978545274047894,0.9613,0.8851666666666667,0.5116279069767442,0.49767441860465117,0.9561277777777778,0.008561396490994144,0.41488372093023257,0.3662015503875969,0.8758055555555555,0.00077780370456793,158944,967,20089,0.9695112744111134,0.8934850051706308,0.8995967942655184,0.6101036269430051,0.2222222222222222,0.2611111111111111,0.8902449636687987,0.9856678156288703,0.9646666666666667,0.9668,0.9695333333333334,0.9683333333333334,0.9696,0.9628666666666666,0.9649333333333333,0.9588,0.947,0.9552666666666667,0.9572,0.9506,0.0,1322.849681854248,20.707113949183086
Win32,gtformer_tuned_s1,359994,0.9975841608917829,0.9978050814974286,0.9605111111111111,0.8789055555555556,0.5128682170542636,0.4855813953488372,0.9546944444444444,0.00846694889829661,0.3454263565891473,0.3302325581395349,0.8659666666666667,0.0006944675933642233,158944,967,20089,0.9690331185826455,0.8914167528438469,0.8961123002638259,0.6191709844559585,0.0,0.24444444444444444,0.8869599269024931,0.9856901980094603,0.9678,0.9686,0.9688,0.9677333333333333,0.9703333333333334,0.9608,0.9653333333333334,0.9583333333333334,0.9451333333333334,0.9520666666666666,0.9521333333333334,0.9486666666666667,0.0,1295.2842152118683,18.79193114865615
Win32,gtformer_tuned_s2,359994,0.9976893642288076,0.9978936209383192,0.9608,0.8839166666666667,0.5175193798449612,0.49767441860465117,0.9568722222222222,0.008844739269086747,0.33364341085271315,0.3227906976744186,0.8713555555555555,0.0006944675933642233,158944,967,20089,0.9691589490638213,0.8914167528438469,0.8980038827218876,0.6221934369602763,0.1111111111111111,0.25222222222222224,0.8873297654788321,0.9859960905441902,0.9666,0.9694666666666667,0.9688666666666667,0.9684,0.97,0.9608666666666666,0.9647333333333333,0.9574666666666667,0.9446,0.9558666666666666,0.9534,0.9493333333333334,0.0,1290.113174200058,18.913105437413012
Win32,gtformer_tuned_s3,359994,0.9976157285952743,0.9978054285777732,0.9591666666666666,0.8754111111111111,0.4948837209302326,0.48372093023255813,0.9563444444444444,0.009366978899296644,0.32124031007751935,0.31813953488372093,0.8727222222222222,0.0009166972232407747,158944,967,20089,0.9677370646265351,0.8872802481902792,0.8945691672059336,0.5984455958549223,0.0,0.23333333333333334,0.8818474524648653,0.9856454332482802,0.9638666666666666,0.9651333333333333,0.9674666666666667,0.9671333333333333,0.969,0.9630666666666666,0.9653333333333334,0.9566,0.9438666666666666,0.952,0.9508666666666666,0.9453333333333334,0.0,1320.0923268795013,20.310564261069256
Win32,gtformer_tuned_s4,359994,0.9977578852937072,0.9979307900784411,0.9614166666666667,0.8827611111111111,0.5764341085271317,0.4908527131782946,0.9531222222222222,0.008022489638543507,0.39906976744186046,0.27410852713178296,0.8528722222222223,0.0004611264819938442,158944,967,20089,0.9700460539561103,0.8955532574974147,0.8961123002638259,0.7033678756476683,0.0,0.25555555555555554,0.8886350781012052,0.9863467478401002,0.9678666666666667,0.9682666666666667,0.9698,0.9668666666666667,0.9690666666666666,0.9624,0.9662,0.9596666666666667,0.9480666666666666,0.9546666666666667,0.953,0.9508666666666666,0.0,1331.107019662857,19.391184379745358
Win32,mlp_full,359994,0.9959950487701442,0.9952405112710357,0.9471944444444444,0.5469111111111111,0.48186046511627906,0.4741085271317829,0.9394555555555556,0.00851139482427192,0.2787596899224806,0.2787596899224806,0.5410888888888888,0.0009778103714568264,158944,967,20089,0.9561417857861888,0.8759048603929679,0.8798347354273482,0.575993091537133,0.0,0.24444444444444444,0.8643127529043206,0.9756181267439605,0.9533333333333334,0.9552,0.958,0.9556,0.9556666666666667,0.9484666666666667,0.9544666666666667,0.9445333333333333,0.9276666666666666,0.9414,0.94,0.932,0.0,161.88439178466797,2.8196294826264547
Win32,mlp_mlp_plain,359994,0.9974080183382656,0.997596416021132,0.9539611111111111,0.8574333333333334,0.4874418604651163,0.4806201550387597,0.9474,0.008250275009166972,0.31131782945736436,0.2970542635658915,0.8477833333333333,0.0007944709268086714,158944,967,20089,0.9630435876786793,0.8810754912099276,0.8856090397730101,0.5837651122625216,0.0,0.24444444444444444,0.8714267066962538,0.9822656937791904,0.9596,0.9602666666666667,0.9638,0.9607333333333333,0.9625333333333334,0.9566666666666667,0.9626666666666667,0.9528666666666666,0.9385333333333333,0.946,0.9462666666666667,0.9376,0.0,460.8935902118683,10.30658839397269
Win32,mlp_mlp_plain_s1,359994,0.9974717283323025,0.9976543696597633,0.9549833333333333,0.8608055555555556,0.4834108527131783,0.4750387596899225,0.9482111111111111,0.008316943898129937,0.3289922480620155,0.3218604651162791,0.8375055555555555,0.0006000200006666889,158944,967,20089,0.963823736661969,0.8934850051706308,0.8879984070884563,0.5798791018998273,0.0,0.24,0.8755819518774747,0.9822134682244803,0.9621333333333333,0.9626666666666667,0.9648,0.9622,0.9636,0.9560666666666666,0.9663333333333334,0.9525333333333333,0.9390666666666667,0.9452666666666667,0.9474666666666667,0.9376666666666666,0.0,511.20509815216064,18.423051060080873
Win32,mlp_mlp_plain_s2,359994,0.9973898690141524,0.9975944203154979,0.9535944444444444,0.8591611111111112,0.4886821705426357,0.4781395348837209,0.9477833333333333,0.008639176861450937,0.30914728682170545,0.29426356589147284,0.8493666666666667,0.0008166938897963265,158944,967,20089,0.9625654318502114,0.8841778697001034,0.8859574891731794,0.5846286701208981,0.0,0.24666666666666667,0.8699691076012706,0.9822731545727204,0.959,0.9601333333333333,0.9636666666666667,0.9604,0.9628666666666666,0.9546666666666667,0.9626666666666667,0.9508666666666666,0.9382666666666667,0.9445333333333333,0.9479333333333333,0.9381333333333334,0.0,528.6524934768677,18.574947419337146
Win32,mlp_mlp_plain_s3,359994,0.9974243753804138,0.9976137740396597,0.9543,0.8597944444444444,0.4889922480620155,0.47782945736434107,0.94755,0.008472504639043523,0.27968992248062013,0.2124031007751938,0.8324777777777778,0.0005111281487160683,158944,967,20089,0.9634839943627944,0.8934850051706308,0.8845636915725024,0.5833333333333334,0.1111111111111111,0.25,0.8741243527824915,0.9817956637868004,0.9594666666666667,0.9616,0.9647333333333333,0.9612666666666667,0.9629333333333333,0.9566,0.9636,0.9517333333333333,0.9388666666666666,0.9467333333333333,0.9462666666666667,0.9378,0.0,126.1702344417572,2.9604133640671355
Win32,mlp_mlp_plain_s4,359994,0.9973665905993164,0.997559288399663,0.9534333333333334,0.85865,0.4846511627906977,0.4762790697674419,0.9444833333333333,0.008172494638710179,0.3172093023255814,0.31534883720930235,0.85665,0.0009166972232407747,158944,967,20089,0.9625088081336823,0.8872802481902792,0.8848125840011947,0.5816062176165803,0.0,0.24,0.87192707653483,0.9813853201426503,0.961,0.9625333333333334,0.9642666666666667,0.9611333333333333,0.9634,0.9548666666666666,0.9623333333333334,0.9495333333333333,0.9363333333333334,0.9447333333333333,0.9456,0.9354666666666667,0.0,136.3716275691986,3.1731306542605653
Win32,moe_full,359994,0.9966835838509431,0.996667484301877,0.9500611111111111,0.7413388888888889,0.4855813953488372,0.4790697674418605,0.94205,0.008366945564852162,0.16124031007751938,0.1516279069767442,0.7299444444444444,0.0009000300010000333,158944,967,20089,0.9584885242601168,0.8810754912099276,0.8867041664592563,0.5794473229706391,0.0,0.24888888888888888,0.870425967019101,0.9773714132235104,0.9572666666666667,0.9577333333333333,0.9606,0.9595333333333333,0.9594,0.9508666666666666,0.9589333333333333,0.9484666666666667,0.9324666666666667,0.9424,0.9416,0.9314666666666667,0.0,645.0721576213837,12.697801689732414
Win32,moe_plain,359994,0.9973276504278538,0.9975474835756138,0.9547944444444444,0.8535222222222222,0.4886821705426357,0.4803100775193798,0.9484611111111111,0.00846694889829661,0.3234108527131783,0.31968992248062017,0.8465222222222222,0.0008666955565185507,158944,967,20089,0.9638740688544393,0.8821096173733195,0.886455274030564,0.5846286701208981,0.0,0.24666666666666667,0.8740590871513727,0.9824820567915603,0.9615333333333334,0.9635333333333334,0.9636,0.9619333333333333,0.9636666666666667,0.9562,0.9636,0.9526666666666667,0.9401333333333334,0.9463333333333334,0.947,0.9373333333333334,0.0,529.3012647628784,17.948128567433795
Win32,moe_plain_s1,359994,0.9974192555338265,0.9976130375907507,0.95475,0.85815,0.48403100775193797,0.4762790697674419,0.9477222222222222,0.008500283342778093,0.328062015503876,0.3187596899224806,0.8228888888888889,0.0004000133337777926,158944,967,20089,0.9635343265552647,0.8872802481902792,0.8878988501169794,0.5781519861830743,0.1111111111111111,0.24555555555555555,0.8742766392551016,0.9822582329856604,0.9611333333333333,0.9609333333333333,0.9651333333333333,0.9614666666666667,0.9636666666666667,0.9576,0.9642666666666667,0.9516,0.9392,0.9468666666666666,0.9456666666666667,0.9386666666666666,0.0,539.6790323257446,16.5769458959519
Win32,moe_plain_s2,359994,0.997335922447415,0.9975495786259989,0.9525388888888889,0.8566888888888889,0.48806201550387596,0.4821705426356589,0.9475444444444444,0.008894740935808972,0.27069767441860465,0.26728682170542634,0.8539055555555556,0.0009389201862284298,158944,967,20089,0.9618481981075095,0.8831437435367114,0.8822241027427946,0.5863557858376511,0.0,0.24,0.8660531697341514,0.9821985466374203,0.9604666666666667,0.9622666666666667,0.962,0.9596,0.9626,0.9538666666666666,0.9620666666666666,0.9499333333333333,0.9362666666666667,0.9436666666666667,0.9431333333333334,0.9346,0.0,426.64967942237854,5.252040870942142
Win32,moe_plain_s3,359994,0.9973801223621035,0.9975896215676976,0.9563111111111111,0.8517111111111111,0.49147286821705427,0.47751937984496123,0.9504444444444444,0.00851139482427192,0.2517829457364341,0.15813953488372093,0.8312388888888889,0.0005777970376790337,158944,967,20089,0.9650002516609624,0.8914167528438469,0.8904375528896411,0.5898100172711571,0.0,0.24333333333333335,0.8798242179001871,0.9825044391721504,0.9632666666666667,0.9645333333333334,0.9648,0.9631333333333333,0.9657333333333333,0.9574666666666667,0.9651333333333333,0.9550666666666666,0.941,0.9482,0.9478,0.9392666666666667,0.0,187.87224197387695,3.2627497181529224
Win32,moe_plain_s4,359994,0.9974863091424035,0.9976711961879373,0.9542722222222222,0.8628833333333333,0.4877519379844961,0.4790697674418605,0.9466833333333333,0.0082613864906608,0.32155038759689925,0.3209302325581395,0.8591722222222222,0.0009166972232407747,158944,967,20089,0.9631882927320314,0.8852119958634953,0.8870526158594255,0.5833333333333334,0.0,0.24666666666666667,0.8733194099986947,0.9820344091797604,0.9582666666666667,0.9606,0.9644666666666667,0.9624666666666667,0.9656666666666667,0.9562666666666667,0.9632,0.9511333333333334,0.9371333333333334,0.9466,0.9472,0.9382666666666667,0.0,246.8626410961151,3.6033012337450634
Win32,proto_full,359994,0.9960682378455825,0.99533541278411,0.9461111111111111,0.4245,0.42604651162790697,0.3767441860465116,0.9388277777777778,0.007905819082858317,0.053953488372093024,0.02666666666666667,0.2906388888888889,0.0006611331488827405,158944,967,20089,0.9551665995570767,0.8707342295760083,0.8780924884265021,0.5328151986183074,0.0,0.15555555555555556,0.8535874341904887,0.9778414432159005,0.9555333333333333,0.9576666666666667,0.9556,0.9564666666666667,0.9575333333333333,0.9470666666666666,0.9546666666666667,0.9438666666666666,0.9275333333333333,0.9371333333333334,0.9362,0.9240666666666667,0.0,556.4934408664703,3.2280877149683183
Win32,proto_no_con,359994,0.99640555445984,0.9961920655960373,0.94925,0.7031055555555555,0.39813953488372095,0.38356589147286824,0.9395,0.008111381490494127,0.24527131782945735,0.23689922480620154,0.6793555555555556,0.0008778070380123782,158944,967,20089,0.9582934870142943,0.8800413650465356,0.8810294190850715,0.49740932642487046,0.5555555555555556,0.1411111111111111,0.8702954357568637,0.9763269021293105,0.9558,0.9556666666666667,0.9608,0.9565333333333333,0.9579333333333333,0.9502,0.9576666666666667,0.9492,0.9286,0.9422666666666667,0.9413333333333334,0.935,0.0,760.1645202636719,14.777245708018338
Win32,proto_plain,359994,0.9975104215973867,0.9976997892582355,0.9555277777777778,0.8691722222222222,0.48589147286821704,0.4781395348837209,0.9496888888888889,0.00839472426858673,0.32155038759689925,0.30604651162790697,0.8465555555555555,0.0006166872229074302,158944,967,20089,0.9645787195490235,0.8841778697001034,0.887102394345164,0.581174438687392,0.2222222222222222,0.24333333333333335,0.8759517904538137,0.9827804885327603,0.9628666666666666,0.9649333333333333,0.9656,0.9626666666666667,0.9644666666666667,0.9571333333333333,0.9623333333333334,0.9535333333333333,0.9397333333333333,0.9459333333333333,0.947,0.9398,0.0,650.8101258277893,17.919980798219875
Win64,base,119993,0.9987561134910184,0.9988938255258923,0.9806833333333334,0.9197666666666666,0.5786240786240786,0.5245700245700246,0.97595,0.007434200656743287,0.11302211302211303,0.1167076167076167,0.92035,0.001000116680279366,46046,1225,12729,0.9837988098857664,0.9648979591836735,0.9708539555346061,0.6435045317220544,0.23076923076923078,0.5425531914893617,0.9615511008872822,0.9871608797588478,0.9796,0.979,0.9806,0.9806,0.9838,0.9814,0.9786,0.9782,0.9854,0.985,0.9812,0.9746,497.0,588.0395705699921,11.241797726591832
Win64,cw,119993,0.9986936623161592,0.9988334715984807,0.9795666666666667,0.90945,0.558968058968059,0.5221130221130221,0.9756666666666667,0.00823429400096678,0.09336609336609336,0.10319410319410319,0.9125166666666666,0.0010501225142933342,46046,1225,12729,0.9823220258002867,0.963265306122449,0.9710896378348652,0.6253776435045317,0.15384615384615385,0.5234042553191489,0.9612224778179428,0.9857764876632801,0.9788,0.9766,0.978,0.9782,0.9826,0.982,0.9792,0.9766,0.9844,0.9848,0.9814,0.972,500.0,592.1581571102142,10.301259053318434
Win64,cwfb,119993,0.9986680496057874,0.9988027768592885,0.9798666666666667,0.91545,0.5687960687960688,0.5085995085995086,0.9749,0.007400863434067308,0.128992628992629,0.12039312039312039,0.9117833333333333,0.00088343640091344,46046,1225,12729,0.9833427442123094,0.9648979591836735,0.9681828894650012,0.649546827794562,0.15384615384615385,0.5234042553191489,0.9606966809069997,0.9862230657586245,0.9796,0.9758,0.9794,0.978,0.9816,0.9816,0.9796,0.977,0.9852,0.9842,0.9814,0.9736,500.0,611.7036309242249,10.527088397071372
Win64,cwinv,119993,0.9987632101522956,0.9988902927342739,0.9815,0.9218333333333333,0.5773955773955773,0.527027027027027,0.97785,0.007684229826813128,0.1375921375921376,0.11425061425061425,0.91425,0.0008167619555614822,46046,1225,12729,0.9847978108847674,0.963265306122449,0.9713253201351245,0.6525679758308157,0.15384615384615385,0.5361702127659574,0.9618797239566218,0.9881656804733728,0.9792,0.9798,0.9804,0.9802,0.9842,0.9836,0.981,0.98,0.9854,0.9856,0.9824,0.9762,497.0,633.3790428638458,15.66989833160393
Win64,ens2_gt_lgbm,119993,0.9987467585107153,0.9988871077624852,0.9815333333333334,0.9227166666666666,0.5872235872235873,0.5700245700245701,0.9798666666666667,0.008801026786458421,0.13882063882063883,0.16707616707616707,0.93065,0.0013168202957011652,46046,1225,12729,0.9849932676019633,0.9697959183673469,0.9701469086338282,0.6555891238670695,0.15384615384615385,0.551063829787234,0.9620768977982255,0.9881433515686056,0.9802,0.9796,0.979,0.9806,0.9836,0.9836,0.981,0.9786,0.9876,0.9866,0.982,0.976,0.0,1149.150074481964,19.23454747354159
Win64,ens3_deep,119993,0.9982512131970953,0.9984463220829913,0.9772166666666666,0.8897666666666667,0.5294840294840295,0.5208845208845209,0.9761333333333333,0.009534445685329955,0.1339066339066339,0.18673218673218672,0.91225,0.0015668494657710065,46046,1225,12729,0.9818225253007862,0.9542857142857143,0.9625265142587792,0.5861027190332326,0.23076923076923078,0.4978723404255319,0.9534012487676635,0.9852405939488668,0.9786,0.9738,0.973,0.9726,0.9796,0.9798,0.9782,0.9708,0.9848,0.984,0.9792,0.9716,0.0,1551.3053588867188,32.810998628774385
Win64,ens3_full_deep,119993,0.9975529235355236,0.9973147562788544,0.9738666666666667,0.6479833333333334,0.527027027027027,0.4877149877149877,0.9708833333333333,0.008884369843148367,0.12162162162162163,0.10565110565110565,0.5860333333333333,0.0008000933442234928,46046,1225,12729,0.9786735004126308,0.9542857142857143,0.9579699897871004,0.5861027190332326,0.3076923076923077,0.49148936170212765,0.9465658889254026,0.9830300323769119,0.9754,0.9698,0.9684,0.9678,0.9788,0.9776,0.973,0.9682,0.9816,0.9796,0.978,0.9672,0.0,2216.2470378875732,32.829133406398576
Win64,ens4_deep_lgbm,119993,0.9986141227587664,0.9987623671407763,0.98095,0.9157666666666666,0.5700245700245701,0.542997542997543,0.9785166666666667,0.008450985948360643,0.14619164619164618,0.214987714987715,0.93205,0.0017168669678129115,46046,1225,12729,0.9846457889936151,0.9640816326530612,0.9691256186660382,0.6525679758308157,0.15384615384615385,0.5234042553191489,0.9608938547486033,0.9877414312827956,0.9812,0.9772,0.98,0.9782,0.9836,0.9828,0.9802,0.9758,0.9868,0.9868,0.982,0.9766,0.0,2139.344929456711,44.05279635536621
Win64,ens_gttuned_lgbm,119993,0.9988424202268043,0.9989658655503203,0.9827833333333333,0.9203166666666667,0.5872235872235873,0.581081081081081,0.9816833333333334,0.009267747903922124,0.12776412776412777,0.18181818181818182,0.9347166666666666,0.0014168319637291016,46046,1225,12729,0.9862528775572253,0.9706122448979592,0.9714038809018776,0.6616314199395771,0.15384615384615385,0.5468085106382978,0.963588563917187,0.9893044546165011,0.9826,0.981,0.981,0.9824,0.985,0.9838,0.9806,0.9816,0.9872,0.9866,0.984,0.9776,0.0,1910.88925242424,31.440415173001796
Win64,ens_mlp_lgbm,119993,0.9986906037648837,0.9988308190221505,0.9816166666666667,0.9153,0.5724815724815725,0.5552825552825553,0.9790833333333333,0.008267631223642758,0.12162162162162163,0.16584766584766586,0.9272166666666667,0.0013001516843631758,46046,1225,12729,0.9849063979498762,0.9616326530612245,0.9715610024353838,0.6374622356495468,0.15384615384615385,0.5382978723404256,0.9627998685507723,0.9879870492352351,0.9816,0.9776,0.9802,0.9784,0.9842,0.9846,0.9808,0.9778,0.987,0.9868,0.9828,0.9774,0.0,1048.9331607818604,20.040942042318193
Win64,fb,119993,0.9987293831502563,0.9988521614250118,0.9803833333333334,0.9135333333333333,0.5626535626535627,0.5073710073710074,0.97475,0.007167502875335456,0.10810810810810811,0.11179361179361179,0.9151166666666667,0.0010334539029553448,46046,1225,12729,0.983929114363897,0.9673469387755103,0.9688113755990259,0.649546827794562,0.15384615384615385,0.5127659574468085,0.9609595793624712,0.98698224852071,0.9796,0.9782,0.9804,0.9782,0.9808,0.9812,0.9808,0.9772,0.9852,0.9858,0.982,0.9752,497.0,654.7365593910217,11.30653214699243
Win64,gtformer_full,119993,0.9970550761477729,0.9967318220899433,0.96135,0.6206666666666667,0.48034398034398035,0.4680589680589681,0.9563333333333334,0.009217742069908157,0.10565110565110565,0.10565110565110565,0.5997666666666667,0.000966779457603387,46046,1225,12729,0.9670981192720323,0.9346938775510204,0.9422578364364836,0.5317220543806647,0.23076923076923078,0.451063829787234,0.9257311863292803,0.9732053142793345,0.9576,0.9498,0.9536,0.9528,0.963,0.9704,0.9654,0.956,0.974,0.9732,0.9686,0.9496,0.0,1014.6814393997192,19.648517932497477
Win64,gtformer_full_knn,119993,0.9970497374693714,0.9969123509809241,0.9619833333333333,0.6245333333333334,0.47788697788697787,0.4668304668304668,0.9570166666666666,0.009201073458570167,0.10810810810810811,0.10073710073710074,0.6048666666666667,0.0009167736235894188,46046,1225,12729,0.9678365113147722,0.9346938775510204,0.9421007149029774,0.5287009063444109,0.23076923076923078,0.44893617021276594,0.9261912586263555,0.9737635368985151,0.959,0.9514,0.9548,0.9532,0.9634,0.9696,0.9648,0.9564,0.9738,0.974,0.9694,0.9506,0.0,34.7263069152832,0.0
Win64,gtformer_no_aux,119993,0.9965313183760327,0.9952712368764954,0.9645166666666667,0.32948333333333335,0.4705159705159705,0.457002457002457,0.9619666666666666,0.009467771239977997,0.07371007371007371,0.051597051597051594,0.21075,0.000616738619505609,46046,1225,12729,0.9711375580940799,0.9493877551020408,0.9420221541362244,0.513595166163142,0.15384615384615385,0.44893617021276594,0.9288859677949393,0.9766216367087195,0.9658,0.9586,0.9582,0.9564,0.9684,0.9702,0.9662,0.9552,0.9742,0.9738,0.9696,0.9576,0.0,574.1571848392487,8.00871081506142
Win64,gtformer_no_cam,119993,0.9973914219158903,0.996861673863845,0.9700333333333333,0.6104,0.4926289926289926,0.4606879606879607,0.96795,0.009467771239977997,0.11302211302211303,0.11916461916461916,0.6264333333333333,0.0010167852916173553,46046,1225,12729,0.9763714546323242,0.9567346938775511,0.9483855762432242,0.5226586102719033,0.15384615384615385,0.4808510638297872,0.9353927045678606,0.9818019426147148,0.9688,0.9642,0.9632,0.9642,0.9772,0.9748,0.9702,0.9612,0.9796,0.977,0.9748,0.9652,0.0,588.8942556381226,8.501356047196627
Win64,gtformer_no_grl,119993,0.9980272349829702,0.9982030198709682,0.9720333333333333,0.8719,0.515970515970516,0.4950859950859951,0.9706666666666667,0.009501108462653977,0.15233415233415235,0.1732186732186732,0.8833333333333333,0.0011334655709832814,46046,1225,12729,0.977392173044347,0.9559183673469388,0.9541990729829524,0.56797583081571,0.23076923076923078,0.48723404255319147,0.9417022674991784,0.9823378363291281,0.9692,0.9642,0.9674,0.9682,0.9784,0.9764,0.9738,0.9652,0.982,0.9804,0.975,0.9642,0.0,567.5777087211609,8.03885265537686
Win64,gtformer_plain,119993,0.9979435275782175,0.9981673940061608,0.9732666666666666,0.8718833333333333,0.5257985257985258,0.5036855036855037,0.9710166666666666,0.009234410681246145,0.12776412776412777,0.13636363636363635,0.8799833333333333,0.0010501225142933342,46046,1225,12729,0.9784997611084567,0.953469387755102,0.9552989237174955,0.5981873111782477,0.15384615384615385,0.4851063829787234,0.9441998028261583,0.9828737300435414,0.9712,0.9674,0.9686,0.9694,0.979,0.9748,0.9742,0.9658,0.9824,0.9812,0.9754,0.9674,0.0,561.110503911972,7.992749746949756
Win64,gtformer_plain_s1,119993,0.9977125720222916,0.9980504110080307,0.9756833333333333,0.88265,0.5319410319410319,0.5135135135135135,0.974,0.009317753737936092,0.12285012285012285,0.14496314496314497,0.8959166666666667,0.001350157518377144,46046,1225,12729,0.9819311123658949,0.9542857142857143,0.9549846806504831,0.5800604229607251,0.3076923076923077,0.5042553191489362,0.9448570489648374,0.9861114212347885,0.9776,0.9718,0.9718,0.9708,0.9786,0.978,0.9764,0.9712,0.9842,0.981,0.9778,0.9686,0.0,1027.4262244701385,14.36743305061936
Win64,gtformer_plain_s2,119993,0.9980480706082375,0.9982480408244703,0.9759833333333333,0.8717,0.5257985257985258,0.4877149877149877,0.9727166666666667,0.008550997616388578,0.11302211302211303,0.16461916461916462,0.9039833333333334,0.0016001866884469856,46046,1225,12729,0.9816270685835903,0.9559183673469388,0.9574986251865818,0.5558912386706949,0.3076923076923077,0.5106382978723404,0.9482090042720999,0.9854192251870045,0.9744,0.971,0.9708,0.9728,0.9786,0.98,0.979,0.9716,0.9846,0.9816,0.98,0.9674,0.0,982.664413690567,22.3438322897276
Win64,gtformer_plain_s3,119993,0.9980344272109524,0.9981870067535524,0.97465,0.88385,0.5343980343980343,0.5184275184275184,0.9736166666666667,0.009317753737936092,0.13882063882063883,0.13513513513513514,0.87905,0.0009501108462653976,46046,1225,12729,0.9801068496720671,0.9559183673469388,0.956713017519051,0.5981873111782477,0.23076923076923078,0.4978723404255319,0.9457114689451199,0.9844814111867813,0.9712,0.9684,0.971,0.9694,0.9766,0.9788,0.975,0.9698,0.9828,0.983,0.98,0.9698,0.0,572.9746675491333,8.383445221234911
Win64,gtformer_plain_s4,119993,0.9982055948193954,0.9983179969083034,0.9761,0.8752666666666666,0.5356265356265356,0.538083538083538,0.97665,0.010234527361525511,0.12530712530712532,0.13882063882063883,0.8819666666666667,0.001083459736969313,46046,1225,12729,0.9814967641054597,0.96,0.9578128682535941,0.5800604229607251,0.3076923076923077,0.5106382978723404,0.9478803812027604,0.9855978564251423,0.9762,0.97,0.973,0.9732,0.978,0.9794,0.9778,0.9706,0.9846,0.9822,0.9796,0.9678,0.0,557.6866936683655,7.841951133189678
Win64,gtformer_tuned,119993,0.9981365339845203,0.9983366944941218,0.97615,0.8739333333333333,0.5307125307125307,0.5257985257985258,0.9744166666666667,0.009267747903922124,0.11179361179361179,0.128992628992629,0.8925333333333333,0.0012168086276732285,46046,1225,12729,0.9815184815184815,0.9567346938775511,0.958598475921125,0.6072507552870091,0.23076923076923078,0.4851063829787234,0.9489976996385147,0.9853745673774701,0.9768,0.972,0.9718,0.9722,0.9806,0.9782,0.9766,0.9718,0.9836,0.982,0.9796,0.9686,0.0,1322.849681854248,20.198617446409962
Win64,gtformer_tuned_s1,119993,0.9980462402558076,0.9982963554915089,0.9764833333333334,0.8613,0.5343980343980343,0.4963144963144963,0.9740666666666666,0.009184404847232177,0.09828009828009827,0.20147420147420148,0.9085833333333333,0.0017168669678129115,46046,1225,12729,0.9817573730617208,0.9526530612244898,0.9596983266556681,0.6042296072507553,0.15384615384615385,0.4957446808510638,0.9491291488662504,0.9857764876632801,0.977,0.9722,0.9714,0.9722,0.9806,0.979,0.977,0.9726,0.983,0.984,0.9786,0.9702,0.0,1295.2842152118683,18.81078737402972
Win64,gtformer_tuned_s2,119993,0.9980280820262363,0.9982293619381533,0.9771333333333333,0.87805,0.542997542997543,0.5294840294840295,0.97645,0.00968446318737186,0.14127764127764128,0.20393120393120392,0.9043666666666667,0.0016668611337989432,46046,1225,12729,0.9827346566477001,0.9616326530612245,0.9583627936208657,0.6193353474320241,0.38461538461538464,0.49361702127659574,0.9496549457771936,0.986468683711064,0.9766,0.971,0.9728,0.9732,0.979,0.9806,0.9788,0.9736,0.9842,0.9844,0.9806,0.9708,0.0,1290.113174200058,18.815436807539157
Win64,gtformer_tuned_s3,119993,0.9979192791936837,0.998074330963105,0.97725,0.8646,0.5528255528255528,0.5257985257985258,0.9760333333333333,0.009551114296667945,0.11179361179361179,0.13636363636363635,0.8793166666666666,0.0011501341823212708,46046,1225,12729,0.982474047691439,0.9542857142857143,0.9605624950899521,0.6344410876132931,0.3076923076923077,0.502127659574468,0.9508379888268157,0.9862230657586245,0.979,0.9736,0.9726,0.9726,0.9792,0.9802,0.9774,0.9732,0.9838,0.9826,0.9804,0.9724,0.0,1320.0923268795013,21.228888199478057
Win64,gtformer_tuned_s4,119993,0.9980311683585308,0.998139280628499,0.9757166666666667,0.8675333333333334,0.5442260442260443,0.5577395577395577,0.9774666666666667,0.010701248478989215,0.11302211302211303,0.11793611793611794,0.8650333333333333,0.0009834480689413765,46046,1225,12729,0.9818659601268297,0.9591836734693877,0.9550632414172362,0.6163141993957704,0.3076923076923077,0.5,0.9448570489648374,0.9862007368538573,0.9742,0.9696,0.9742,0.9692,0.978,0.9796,0.9762,0.9716,0.9834,0.9854,0.9794,0.9678,0.0,1331.107019662857,19.20056289629997
Win64,mlp_full,119993,0.996056105712333,0.9949317089680618,0.9671,0.3865166666666667,0.5184275184275184,0.4975429975429975,0.9638666666666666,0.009151067624556199,0.11179361179361179,0.0945945945945946,0.304,0.0008334305668994716,46046,1225,12729,0.9720931242670373,0.9469387755102041,0.9509780815460759,0.5709969788519638,0.23076923076923078,0.48936170212765956,0.9399934275386133,0.9763090320419784,0.9688,0.9634,0.9672,0.964,0.9714,0.9692,0.9654,0.9602,0.9738,0.9738,0.9686,0.9594,0.0,161.88439178466797,2.6216009667316045
Win64,mlp_mlp_plain,119993,0.9978079071725036,0.9980543455878651,0.9735333333333334,0.86195,0.5085995085995086,0.49017199017199015,0.97115,0.009067724567866252,0.10196560196560196,0.11056511056511056,0.87125,0.0010501225142933342,46046,1225,12729,0.9788689571298267,0.9518367346938775,0.9561630921517794,0.5800604229607251,0.15384615384615385,0.46808510638297873,0.9470916858363457,0.9824718097577314,0.9744,0.968,0.9694,0.9692,0.9752,0.9778,0.9736,0.965,0.9818,0.9822,0.9766,0.9688,0.0,460.8935902118683,8.799144315726359
Win64,mlp_mlp_plain_s1,119993,0.9978423774440351,0.9980841535276697,0.97395,0.8684666666666667,0.5073710073710074,0.4987714987714988,0.97305,0.009567782908005935,0.09213759213759214,0.12162162162162163,0.8778166666666667,0.0011834714049972497,46046,1225,12729,0.978564913347522,0.9526530612244898,0.9593055228219027,0.5558912386706949,0.3076923076923077,0.4787234042553192,0.9479461058166283,0.9827844144244725,0.9778,0.9684,0.9706,0.9678,0.9788,0.9754,0.9722,0.9668,0.9808,0.9818,0.9774,0.9696,0.0,511.20509815216064,21.07797831722374
Win64,mlp_mlp_plain_s2,119993,0.9978327639613511,0.9980758389245086,0.9743166666666667,0.8632166666666666,0.5122850122850123,0.4987714987714988,0.9729666666666666,0.009467771239977997,0.10442260442260443,0.15356265356265356,0.8892,0.001500175020419049,46046,1225,12729,0.9793684576293272,0.9575510204081633,0.9568701390525571,0.552870090634441,0.46153846153846156,0.4851063829787234,0.94696023660861,0.9833872948531874,0.9754,0.971,0.9678,0.9704,0.977,0.9778,0.976,0.9686,0.9834,0.9792,0.9762,0.967,0.0,528.6524934768677,17.545306945756526
Win64,mlp_mlp_plain_s3,119993,0.9978822004233827,0.9981101078543432,0.97375,0.8623333333333333,0.5036855036855037,0.4914004914004914,0.9726666666666667,0.009501108462653977,0.11425061425061425,0.14496314496314497,0.8842666666666666,0.0013334889070391546,46046,1225,12729,0.9788906745428485,0.9518367346938775,0.9572629428863225,0.5770392749244713,0.23076923076923078,0.4595744680851064,0.9461715412421952,0.9831193479959808,0.9754,0.9684,0.9652,0.9676,0.9788,0.9774,0.9754,0.9682,0.9812,0.9812,0.9786,0.9676,0.0,126.1702344417572,2.757263091399855
Win64,mlp_mlp_plain_s4,119993,0.9978320663799665,0.9980498906186298,0.9739666666666666,0.8501833333333333,0.5233415233415234,0.48402948402948404,0.97195,0.00913439901321821,0.08722358722358722,0.14742014742014742,0.8850333333333333,0.0013834947410531228,46046,1225,12729,0.9794987621074578,0.9608163265306122,0.9552203629507424,0.5830815709969789,0.3076923076923077,0.48723404255319147,0.946237265856063,0.9833872948531874,0.9754,0.9688,0.9692,0.9688,0.9766,0.9774,0.9732,0.9674,0.981,0.9818,0.978,0.97,0.0,136.3716275691986,3.1296628461316414
Win64,moe_full,119993,0.996237112524239,0.9952436940054592,0.9692666666666667,0.39981666666666665,0.4950859950859951,0.4582309582309582,0.9679166666666666,0.009267747903922124,0.08722358722358722,0.08230958230958231,0.36698333333333333,0.0008334305668994716,46046,1225,12729,0.9746992138296486,0.9526530612244898,0.9507423992458166,0.5105740181268882,0.3076923076923077,0.48936170212765956,0.9385474860335196,0.9795690521379926,0.9714,0.9646,0.9644,0.9648,0.9736,0.9736,0.9686,0.9586,0.9778,0.9772,0.9736,0.9618,0.0,645.0721576213837,10.008275199415115
Win64,moe_plain,119993,0.9976518885536646,0.9979246204324507,0.9731166666666666,0.8581333333333333,0.5135135135135135,0.504914004914005,0.97225,0.00966779457603387,0.10442260442260443,0.14373464373464373,0.8810666666666667,0.001350157518377144,46046,1225,12729,0.9779785431959345,0.9542857142857143,0.9573415036530757,0.5740181268882175,0.23076923076923078,0.4787234042553192,0.9455142951035163,0.9824941386624986,0.9752,0.967,0.9714,0.9688,0.9774,0.9756,0.973,0.9654,0.983,0.98,0.9758,0.9648,0.0,529.3012647628784,16.019104566098267
Win64,moe_plain_s1,119993,0.9979143989020941,0.9981385220464691,0.9736166666666667,0.8682166666666666,0.4877149877149877,0.48157248157248156,0.9727166666666667,0.00966779457603387,0.08353808353808354,0.14742014742014742,0.8937166666666667,0.0016501925224609538,46046,1225,12729,0.9785431959345002,0.9567346938775511,0.9574200644198287,0.5347432024169184,0.38461538461538464,0.4574468085106383,0.9463029904699309,0.9828960589483086,0.9754,0.9714,0.9672,0.9688,0.9758,0.9766,0.973,0.9674,0.9808,0.9816,0.9776,0.9678,0.0,539.6790323257446,19.890483194853033
Win64,moe_plain_s2,119993,0.9978293807888698,0.998054595049869,0.9736666666666667,0.8635666666666667,0.5024570024570024,0.4631449631449631,0.9719333333333333,0.00941776540596403,0.10565110565110565,0.13144963144963145,0.8773,0.0012834830730251864,46046,1225,12729,0.9790861312600443,0.9510204081632653,0.9553774844842485,0.5468277945619335,0.38461538461538464,0.474468085106383,0.9454485704896484,0.9830077034721447,0.9734,0.9684,0.968,0.9688,0.9764,0.9768,0.9766,0.9668,0.982,0.9806,0.9772,0.9668,0.0,426.64967942237854,4.751301802851952
Win64,moe_plain_s3,119993,0.9976948966268289,0.9979673158536042,0.975,0.8551166666666666,0.5036855036855037,0.47788697788697787,0.9729666666666666,0.009051055956528262,0.08722358722358722,0.11302211302211303,0.8763666666666666,0.0013168202957011652,46046,1225,12729,0.9797593710637189,0.9551020408163265,0.9596983266556681,0.5800604229607251,0.38461538461538464,0.4531914893617021,0.9478146565888925,0.9842357932343418,0.977,0.972,0.9702,0.9706,0.9792,0.9792,0.9742,0.9684,0.9812,0.9812,0.9784,0.9684,0.0,187.87224197387695,3.0952649859114096
Win64,moe_plain_s4,119993,0.9977736638718963,0.9979619268310721,0.9734333333333334,0.843,0.5307125307125307,0.49385749385749383,0.9704166666666667,0.008884369843148367,0.09950859950859951,0.11916461916461916,0.8573833333333334,0.001233477239011218,46046,1225,12729,0.9787603700647179,0.9559183673469388,0.9558488490847671,0.5891238670694864,0.38461538461538464,0.49361702127659574,0.9461715412421952,0.9826950988054036,0.9748,0.9666,0.9696,0.9694,0.977,0.9766,0.9752,0.9664,0.9822,0.9798,0.9774,0.9662,0.0,246.8626410961151,3.5373267657888356
Win64,proto_full,119993,0.9963614773112418,0.9957067145395139,0.9697833333333333,0.4321833333333333,0.5208845208845209,0.4864864864864865,0.966,0.008684346507092494,0.10565110565110565,0.10565110565110565,0.40928333333333333,0.000850099178237461,46046,1225,12729,0.9758719541328237,0.9444897959183673,0.9499567915782858,0.5770392749244713,0.3076923076923077,0.48723404255319147,0.9380216891225764,0.9805068661382159,0.9722,0.964,0.9658,0.964,0.9732,0.9756,0.9706,0.964,0.9772,0.9756,0.9718,0.9628,0.0,556.4934408664703,3.1723402744859825
Win64,proto_no_con,119993,0.9965085046033149,0.9958698552660209,0.9671666666666666,0.41385,0.504914004914005,0.4631449631449631,0.9615833333333333,0.008934375677162336,0.08108108108108109,0.07002457002457002,0.36283333333333334,0.0008667677895754504,46046,1225,12729,0.9712678625722104,0.9477551020408164,0.9540419514494461,0.5377643504531722,0.23076923076923078,0.48936170212765956,0.9423595136378574,0.9755498492798929,0.9676,0.9636,0.9664,0.963,0.9724,0.9708,0.968,0.9588,0.9714,0.9746,0.9684,0.9606,0.0,760.1645202636719,18.203358755395985
Win64,proto_plain,119993,0.9977621775318231,0.9980590011321432,0.9733166666666667,0.8741333333333333,0.4914004914004914,0.4828009828009828,0.9728166666666667,0.009734469021385828,0.10073710073710074,0.13513513513513514,0.8918,0.0011834714049972497,46046,1225,12729,0.9789775441949355,0.9542857142857143,0.9546704375834708,0.56797583081571,0.23076923076923078,0.44468085106382976,0.9451856720341768,0.9828737300435414,0.9742,0.9692,0.9702,0.9666,0.9782,0.9766,0.9736,0.9652,0.9806,0.9818,0.9768,0.9668,0.0,650.8101258277893,16.19852501306493
